2026-07-14 02:00:09 startup archives unpack
2026-07-14 02:00:09 install netbase:all <none> 6.5
2026-07-14 02:00:09 status half-installed netbase:all 6.5
2026-07-14 02:00:09 status unpacked netbase:all 6.5
2026-07-14 02:00:09 install openssl:amd64 <none> 3.5.6-1~deb13u2
2026-07-14 02:00:09 status half-installed openssl:amd64 3.5.6-1~deb13u2
2026-07-14 02:00:09 status unpacked openssl:amd64 3.5.6-1~deb13u2
2026-07-14 02:00:09 install ca-certificates:all <none> 20250419
2026-07-14 02:00:09 status half-installed ca-certificates:all 20250419
2026-07-14 02:00:09 status unpacked ca-certificates:all 20250419
2026-07-14 02:00:09 startup packages configure
2026-07-14 02:00:09 configure netbase:all 6.5 <none>
2026-07-14 02:00:09 status unpacked netbase:all 6.5
2026-07-14 02:00:09 status half-configured netbase:all 6.5
2026-07-14 02:00:09 status installed netbase:all 6.5
2026-07-14 02:00:09 configure openssl:amd64 3.5.6-1~deb13u2 <none>
2026-07-14 02:00:09 status unpacked openssl:amd64 3.5.6-1~deb13u2
2026-07-14 02:00:09 status half-configured openssl:amd64 3.5.6-1~deb13u2
2026-07-14 02:00:09 status installed openssl:amd64 3.5.6-1~deb13u2
2026-07-14 02:00:09 configure ca-certificates:all 20250419 <none>
2026-07-14 02:00:09 status unpacked ca-certificates:all 20250419
2026-07-14 02:00:09 status half-configured ca-certificates:all 20250419
2026-07-14 02:00:10 status installed ca-certificates:all 20250419
2026-07-14 02:00:10 status triggers-pending ca-certificates:all 20250419
2026-07-14 02:00:10 trigproc ca-certificates:all 20250419 <none>
2026-07-14 02:00:10 status half-configured ca-certificates:all 20250419
2026-07-14 02:00:10 status installed ca-certificates:all 20250419
2026-07-14 02:00:16 startup archives unpack
2026-07-14 02:00:16 install libexpat1:amd64 <none> 2.7.1-2
2026-07-14 02:00:16 status triggers-pending libc-bin:amd64 2.41-12+deb13u3
2026-07-14 02:00:16 status half-installed libexpat1:amd64 2.7.1-2
2026-07-14 02:00:16 status unpacked libexpat1:amd64 2.7.1-2
2026-07-14 02:00:16 install adduser:all <none> 3.152
2026-07-14 02:00:16 status half-installed adduser:all 3.152
2026-07-14 02:00:16 status unpacked adduser:all 3.152
2026-07-14 02:00:16 startup packages configure
2026-07-14 02:00:16 configure adduser:all 3.152 <none>
2026-07-14 02:00:16 status unpacked adduser:all 3.152
2026-07-14 02:00:16 status half-configured adduser:all 3.152
2026-07-14 02:00:16 status installed adduser:all 3.152
2026-07-14 02:00:16 startup archives unpack
2026-07-14 02:00:16 install readline-common:all <none> 8.2-6
2026-07-14 02:00:16 status half-installed readline-common:all 8.2-6
2026-07-14 02:00:16 status unpacked readline-common:all 8.2-6
2026-07-14 02:00:16 install bzip2:amd64 <none> 1.0.8-6
2026-07-14 02:00:16 status half-installed bzip2:amd64 1.0.8-6
2026-07-14 02:00:16 status unpacked bzip2:amd64 1.0.8-6
2026-07-14 02:00:16 install perl-modules-5.40:all <none> 5.40.1-6
2026-07-14 02:00:16 status half-installed perl-modules-5.40:all 5.40.1-6
2026-07-14 02:00:17 status unpacked perl-modules-5.40:all 5.40.1-6
2026-07-14 02:00:17 install libgdbm6t64:amd64 <none> 1.24-2
2026-07-14 02:00:17 status half-installed libgdbm6t64:amd64 1.24-2
2026-07-14 02:00:17 status unpacked libgdbm6t64:amd64 1.24-2
2026-07-14 02:00:17 install libgdbm-compat4t64:amd64 <none> 1.24-2
2026-07-14 02:00:17 status half-installed libgdbm-compat4t64:amd64 1.24-2
2026-07-14 02:00:17 status unpacked libgdbm-compat4t64:amd64 1.24-2
2026-07-14 02:00:17 install libperl5.40:amd64 <none> 5.40.1-6
2026-07-14 02:00:17 status half-installed libperl5.40:amd64 5.40.1-6
2026-07-14 02:00:17 status unpacked libperl5.40:amd64 5.40.1-6
2026-07-14 02:00:17 install perl:amd64 <none> 5.40.1-6
2026-07-14 02:00:17 status half-installed perl:amd64 5.40.1-6
2026-07-14 02:00:17 status unpacked perl:amd64 5.40.1-6
2026-07-14 02:00:17 install libunistring5:amd64 <none> 1.3-2
2026-07-14 02:00:17 status half-installed libunistring5:amd64 1.3-2
2026-07-14 02:00:17 status unpacked libunistring5:amd64 1.3-2
2026-07-14 02:00:17 install libidn2-0:amd64 <none> 2.3.8-2
2026-07-14 02:00:17 status half-installed libidn2-0:amd64 2.3.8-2
2026-07-14 02:00:17 status unpacked libidn2-0:amd64 2.3.8-2
2026-07-14 02:00:17 install libffi8:amd64 <none> 3.4.8-2
2026-07-14 02:00:17 status half-installed libffi8:amd64 3.4.8-2
2026-07-14 02:00:17 status unpacked libffi8:amd64 3.4.8-2
2026-07-14 02:00:17 install libp11-kit0:amd64 <none> 0.25.5-3
2026-07-14 02:00:17 status half-installed libp11-kit0:amd64 0.25.5-3
2026-07-14 02:00:17 status unpacked libp11-kit0:amd64 0.25.5-3
2026-07-14 02:00:17 install libtasn1-6:amd64 <none> 4.20.0-2+deb13u1
2026-07-14 02:00:17 status half-installed libtasn1-6:amd64 4.20.0-2+deb13u1
2026-07-14 02:00:17 status unpacked libtasn1-6:amd64 4.20.0-2+deb13u1
2026-07-14 02:00:17 install libgnutls30t64:amd64 <none> 3.8.9-3+deb13u4
2026-07-14 02:00:17 status half-installed libgnutls30t64:amd64 3.8.9-3+deb13u4
2026-07-14 02:00:17 status unpacked libgnutls30t64:amd64 3.8.9-3+deb13u4
2026-07-14 02:00:17 install libpsl5t64:amd64 <none> 0.21.2-1.1+b1
2026-07-14 02:00:17 status half-installed libpsl5t64:amd64 0.21.2-1.1+b1
2026-07-14 02:00:17 status unpacked libpsl5t64:amd64 0.21.2-1.1+b1
2026-07-14 02:00:17 install wget:amd64 <none> 1.25.0-2
2026-07-14 02:00:17 status half-installed wget:amd64 1.25.0-2
2026-07-14 02:00:18 status unpacked wget:amd64 1.25.0-2
2026-07-14 02:00:18 install xz-utils:amd64 <none> 5.8.1-1+deb13u1
2026-07-14 02:00:18 status half-installed xz-utils:amd64 5.8.1-1+deb13u1
2026-07-14 02:00:18 status unpacked xz-utils:amd64 5.8.1-1+deb13u1
2026-07-14 02:00:18 install libsframe1:amd64 <none> 2.44-3
2026-07-14 02:00:18 status half-installed libsframe1:amd64 2.44-3
2026-07-14 02:00:18 status unpacked libsframe1:amd64 2.44-3
2026-07-14 02:00:18 install binutils-common:amd64 <none> 2.44-3
2026-07-14 02:00:18 status half-installed binutils-common:amd64 2.44-3
2026-07-14 02:00:18 status unpacked binutils-common:amd64 2.44-3
2026-07-14 02:00:18 install libbinutils:amd64 <none> 2.44-3
2026-07-14 02:00:18 status half-installed libbinutils:amd64 2.44-3
2026-07-14 02:00:18 status unpacked libbinutils:amd64 2.44-3
2026-07-14 02:00:18 install libgprofng0:amd64 <none> 2.44-3
2026-07-14 02:00:18 status half-installed libgprofng0:amd64 2.44-3
2026-07-14 02:00:18 status unpacked libgprofng0:amd64 2.44-3
2026-07-14 02:00:18 install libctf-nobfd0:amd64 <none> 2.44-3
2026-07-14 02:00:18 status half-installed libctf-nobfd0:amd64 2.44-3
2026-07-14 02:00:18 status unpacked libctf-nobfd0:amd64 2.44-3
2026-07-14 02:00:18 install libctf0:amd64 <none> 2.44-3
2026-07-14 02:00:18 status half-installed libctf0:amd64 2.44-3
2026-07-14 02:00:18 status unpacked libctf0:amd64 2.44-3
2026-07-14 02:00:18 install libjansson4:amd64 <none> 2.14-2+b3
2026-07-14 02:00:18 status half-installed libjansson4:amd64 2.14-2+b3
2026-07-14 02:00:18 status unpacked libjansson4:amd64 2.14-2+b3
2026-07-14 02:00:18 install binutils-x86-64-linux-gnu:amd64 <none> 2.44-3
2026-07-14 02:00:18 status half-installed binutils-x86-64-linux-gnu:amd64 2.44-3
2026-07-14 02:00:18 status unpacked binutils-x86-64-linux-gnu:amd64 2.44-3
2026-07-14 02:00:18 install binutils:amd64 <none> 2.44-3
2026-07-14 02:00:18 status half-installed binutils:amd64 2.44-3
2026-07-14 02:00:18 status unpacked binutils:amd64 2.44-3
2026-07-14 02:00:18 install libisl23:amd64 <none> 0.27-1
2026-07-14 02:00:18 status half-installed libisl23:amd64 0.27-1
2026-07-14 02:00:18 status unpacked libisl23:amd64 0.27-1
2026-07-14 02:00:18 install libmpfr6:amd64 <none> 4.2.2-1
2026-07-14 02:00:18 status half-installed libmpfr6:amd64 4.2.2-1
2026-07-14 02:00:18 status unpacked libmpfr6:amd64 4.2.2-1
2026-07-14 02:00:18 install libmpc3:amd64 <none> 1.3.1-1+b3
2026-07-14 02:00:18 status half-installed libmpc3:amd64 1.3.1-1+b3
2026-07-14 02:00:18 status unpacked libmpc3:amd64 1.3.1-1+b3
2026-07-14 02:00:18 install cpp-14-x86-64-linux-gnu:amd64 <none> 14.2.0-19
2026-07-14 02:00:18 status half-installed cpp-14-x86-64-linux-gnu:amd64 14.2.0-19
2026-07-14 02:00:19 status unpacked cpp-14-x86-64-linux-gnu:amd64 14.2.0-19
2026-07-14 02:00:19 install cpp-14:amd64 <none> 14.2.0-19
2026-07-14 02:00:19 status half-installed cpp-14:amd64 14.2.0-19
2026-07-14 02:00:19 status unpacked cpp-14:amd64 14.2.0-19
2026-07-14 02:00:19 install cpp-x86-64-linux-gnu:amd64 <none> 4:14.2.0-1
2026-07-14 02:00:19 status half-installed cpp-x86-64-linux-gnu:amd64 4:14.2.0-1
2026-07-14 02:00:19 status unpacked cpp-x86-64-linux-gnu:amd64 4:14.2.0-1
2026-07-14 02:00:19 install cpp:amd64 <none> 4:14.2.0-1
2026-07-14 02:00:19 status half-installed cpp:amd64 4:14.2.0-1
2026-07-14 02:00:19 status unpacked cpp:amd64 4:14.2.0-1
2026-07-14 02:00:19 install libgpg-error0:amd64 <none> 1.51-4
2026-07-14 02:00:19 status half-installed libgpg-error0:amd64 1.51-4
2026-07-14 02:00:19 status unpacked libgpg-error0:amd64 1.51-4
2026-07-14 02:00:19 install libassuan9:amd64 <none> 3.0.2-2
2026-07-14 02:00:19 status half-installed libassuan9:amd64 3.0.2-2
2026-07-14 02:00:19 status unpacked libassuan9:amd64 3.0.2-2
2026-07-14 02:00:19 install libgcrypt20:amd64 <none> 1.11.0-7+deb13u1
2026-07-14 02:00:19 status half-installed libgcrypt20:amd64 1.11.0-7+deb13u1
2026-07-14 02:00:19 status unpacked libgcrypt20:amd64 1.11.0-7+deb13u1
2026-07-14 02:00:19 install libreadline8t64:amd64 <none> 8.2-6
2026-07-14 02:00:19 status half-installed libreadline8t64:amd64 8.2-6
2026-07-14 02:00:19 status unpacked libreadline8t64:amd64 8.2-6
2026-07-14 02:00:19 install gpgconf:amd64 <none> 2.4.7-21+deb13u1+b4
2026-07-14 02:00:19 status half-installed gpgconf:amd64 2.4.7-21+deb13u1+b4
2026-07-14 02:00:19 status unpacked gpgconf:amd64 2.4.7-21+deb13u1+b4
2026-07-14 02:00:19 install libksba8:amd64 <none> 1.6.7-2+b1
2026-07-14 02:00:19 status half-installed libksba8:amd64 1.6.7-2+b1
2026-07-14 02:00:19 status unpacked libksba8:amd64 1.6.7-2+b1
2026-07-14 02:00:19 install libsasl2-modules-db:amd64 <none> 2.1.28+dfsg1-9
2026-07-14 02:00:19 status half-installed libsasl2-modules-db:amd64 2.1.28+dfsg1-9
2026-07-14 02:00:19 status unpacked libsasl2-modules-db:amd64 2.1.28+dfsg1-9
2026-07-14 02:00:19 install libsasl2-2:amd64 <none> 2.1.28+dfsg1-9
2026-07-14 02:00:19 status half-installed libsasl2-2:amd64 2.1.28+dfsg1-9
2026-07-14 02:00:19 status unpacked libsasl2-2:amd64 2.1.28+dfsg1-9
2026-07-14 02:00:19 install libldap2:amd64 <none> 2.6.10+dfsg-1
2026-07-14 02:00:19 status half-installed libldap2:amd64 2.6.10+dfsg-1
2026-07-14 02:00:19 status unpacked libldap2:amd64 2.6.10+dfsg-1
2026-07-14 02:00:19 install libnpth0t64:amd64 <none> 1.8-3
2026-07-14 02:00:19 status half-installed libnpth0t64:amd64 1.8-3
2026-07-14 02:00:19 status unpacked libnpth0t64:amd64 1.8-3
2026-07-14 02:00:20 install dirmngr:amd64 <none> 2.4.7-21+deb13u1+b4
2026-07-14 02:00:20 status half-installed dirmngr:amd64 2.4.7-21+deb13u1+b4
2026-07-14 02:00:20 status unpacked dirmngr:amd64 2.4.7-21+deb13u1+b4
2026-07-14 02:00:20 install libdpkg-perl:all <none> 1.22.22
2026-07-14 02:00:20 status half-installed libdpkg-perl:all 1.22.22
2026-07-14 02:00:20 status unpacked libdpkg-perl:all 1.22.22
2026-07-14 02:00:20 install patch:amd64 <none> 2.8-2
2026-07-14 02:00:20 status half-installed patch:amd64 2.8-2
2026-07-14 02:00:20 status unpacked patch:amd64 2.8-2
2026-07-14 02:00:20 install make:amd64 <none> 4.4.1-2
2026-07-14 02:00:20 status half-installed make:amd64 4.4.1-2
2026-07-14 02:00:20 status unpacked make:amd64 4.4.1-2
2026-07-14 02:00:20 install dpkg-dev:all <none> 1.22.22
2026-07-14 02:00:20 status half-installed dpkg-dev:all 1.22.22
2026-07-14 02:00:20 status unpacked dpkg-dev:all 1.22.22
2026-07-14 02:00:20 install fonts-dejavu-mono:all <none> 2.37-8
2026-07-14 02:00:20 status half-installed fonts-dejavu-mono:all 2.37-8
2026-07-14 02:00:20 status unpacked fonts-dejavu-mono:all 2.37-8
2026-07-14 02:00:20 install fonts-dejavu-core:all <none> 2.37-8
2026-07-14 02:00:20 status half-installed fonts-dejavu-core:all 2.37-8
2026-07-14 02:00:20 status unpacked fonts-dejavu-core:all 2.37-8
2026-07-14 02:00:20 install fontconfig-config:amd64 <none> 2.15.0-2.3
2026-07-14 02:00:20 status half-installed fontconfig-config:amd64 2.15.0-2.3
2026-07-14 02:00:20 status unpacked fontconfig-config:amd64 2.15.0-2.3
2026-07-14 02:00:20 install libcc1-0:amd64 <none> 14.2.0-19
2026-07-14 02:00:20 status half-installed libcc1-0:amd64 14.2.0-19
2026-07-14 02:00:20 status unpacked libcc1-0:amd64 14.2.0-19
2026-07-14 02:00:20 install libgomp1:amd64 <none> 14.2.0-19
2026-07-14 02:00:20 status half-installed libgomp1:amd64 14.2.0-19
2026-07-14 02:00:20 status unpacked libgomp1:amd64 14.2.0-19
2026-07-14 02:00:20 install libitm1:amd64 <none> 14.2.0-19
2026-07-14 02:00:20 status half-installed libitm1:amd64 14.2.0-19
2026-07-14 02:00:20 status unpacked libitm1:amd64 14.2.0-19
2026-07-14 02:00:20 install libatomic1:amd64 <none> 14.2.0-19
2026-07-14 02:00:20 status half-installed libatomic1:amd64 14.2.0-19
2026-07-14 02:00:20 status unpacked libatomic1:amd64 14.2.0-19
2026-07-14 02:00:20 install libasan8:amd64 <none> 14.2.0-19
2026-07-14 02:00:20 status half-installed libasan8:amd64 14.2.0-19
2026-07-14 02:00:20 status unpacked libasan8:amd64 14.2.0-19
2026-07-14 02:00:20 install liblsan0:amd64 <none> 14.2.0-19
2026-07-14 02:00:20 status half-installed liblsan0:amd64 14.2.0-19
2026-07-14 02:00:20 status unpacked liblsan0:amd64 14.2.0-19
2026-07-14 02:00:20 install libtsan2:amd64 <none> 14.2.0-19
2026-07-14 02:00:20 status half-installed libtsan2:amd64 14.2.0-19
2026-07-14 02:00:21 status unpacked libtsan2:amd64 14.2.0-19
2026-07-14 02:00:21 install libubsan1:amd64 <none> 14.2.0-19
2026-07-14 02:00:21 status half-installed libubsan1:amd64 14.2.0-19
2026-07-14 02:00:21 status unpacked libubsan1:amd64 14.2.0-19
2026-07-14 02:00:21 install libhwasan0:amd64 <none> 14.2.0-19
2026-07-14 02:00:21 status half-installed libhwasan0:amd64 14.2.0-19
2026-07-14 02:00:21 status unpacked libhwasan0:amd64 14.2.0-19
2026-07-14 02:00:21 install libquadmath0:amd64 <none> 14.2.0-19
2026-07-14 02:00:21 status half-installed libquadmath0:amd64 14.2.0-19
2026-07-14 02:00:21 status unpacked libquadmath0:amd64 14.2.0-19
2026-07-14 02:00:21 install libgcc-14-dev:amd64 <none> 14.2.0-19
2026-07-14 02:00:21 status half-installed libgcc-14-dev:amd64 14.2.0-19
2026-07-14 02:00:21 status unpacked libgcc-14-dev:amd64 14.2.0-19
2026-07-14 02:00:21 install gcc-14-x86-64-linux-gnu:amd64 <none> 14.2.0-19
2026-07-14 02:00:21 status half-installed gcc-14-x86-64-linux-gnu:amd64 14.2.0-19
2026-07-14 02:00:22 status unpacked gcc-14-x86-64-linux-gnu:amd64 14.2.0-19
2026-07-14 02:00:22 install gcc-14:amd64 <none> 14.2.0-19
2026-07-14 02:00:22 status half-installed gcc-14:amd64 14.2.0-19
2026-07-14 02:00:22 status unpacked gcc-14:amd64 14.2.0-19
2026-07-14 02:00:22 install gcc-x86-64-linux-gnu:amd64 <none> 4:14.2.0-1
2026-07-14 02:00:22 status half-installed gcc-x86-64-linux-gnu:amd64 4:14.2.0-1
2026-07-14 02:00:22 status unpacked gcc-x86-64-linux-gnu:amd64 4:14.2.0-1
2026-07-14 02:00:22 install gcc:amd64 <none> 4:14.2.0-1
2026-07-14 02:00:22 status half-installed gcc:amd64 4:14.2.0-1
2026-07-14 02:00:22 status unpacked gcc:amd64 4:14.2.0-1
2026-07-14 02:00:22 install gnupg-l10n:all <none> 2.4.7-21+deb13u1
2026-07-14 02:00:22 status half-installed gnupg-l10n:all 2.4.7-21+deb13u1
2026-07-14 02:00:22 status unpacked gnupg-l10n:all 2.4.7-21+deb13u1
2026-07-14 02:00:22 install gpg:amd64 <none> 2.4.7-21+deb13u1+b4
2026-07-14 02:00:22 status half-installed gpg:amd64 2.4.7-21+deb13u1+b4
2026-07-14 02:00:22 status unpacked gpg:amd64 2.4.7-21+deb13u1+b4
2026-07-14 02:00:22 install libncursesw6:amd64 <none> 6.5+20250216-2
2026-07-14 02:00:22 status half-installed libncursesw6:amd64 6.5+20250216-2
2026-07-14 02:00:22 status unpacked libncursesw6:amd64 6.5+20250216-2
2026-07-14 02:00:22 install pinentry-curses:amd64 <none> 1.3.1-2
2026-07-14 02:00:22 status half-installed pinentry-curses:amd64 1.3.1-2
2026-07-14 02:00:22 status unpacked pinentry-curses:amd64 1.3.1-2
2026-07-14 02:00:22 install gpg-agent:amd64 <none> 2.4.7-21+deb13u1+b4
2026-07-14 02:00:22 status half-installed gpg-agent:amd64 2.4.7-21+deb13u1+b4
2026-07-14 02:00:22 status unpacked gpg-agent:amd64 2.4.7-21+deb13u1+b4
2026-07-14 02:00:22 install gpgsm:amd64 <none> 2.4.7-21+deb13u1+b4
2026-07-14 02:00:22 status half-installed gpgsm:amd64 2.4.7-21+deb13u1+b4
2026-07-14 02:00:22 status unpacked gpgsm:amd64 2.4.7-21+deb13u1+b4
2026-07-14 02:00:22 install gnupg:all <none> 2.4.7-21+deb13u1
2026-07-14 02:00:22 status half-installed gnupg:all 2.4.7-21+deb13u1
2026-07-14 02:00:22 status unpacked gnupg:all 2.4.7-21+deb13u1
2026-07-14 02:00:22 install libbluetooth3:amd64 <none> 5.82-1.1
2026-07-14 02:00:22 status half-installed libbluetooth3:amd64 5.82-1.1
2026-07-14 02:00:22 status unpacked libbluetooth3:amd64 5.82-1.1
2026-07-14 02:00:22 install libc-dev-bin:amd64 <none> 2.41-12+deb13u3
2026-07-14 02:00:22 status half-installed libc-dev-bin:amd64 2.41-12+deb13u3
2026-07-14 02:00:22 status unpacked libc-dev-bin:amd64 2.41-12+deb13u3
2026-07-14 02:00:22 install linux-libc-dev:all <none> 6.12.95-1
2026-07-14 02:00:22 status half-installed linux-libc-dev:all 6.12.95-1
2026-07-14 02:00:22 status unpacked linux-libc-dev:all 6.12.95-1
2026-07-14 02:00:22 install libcrypt-dev:amd64 <none> 1:4.4.38-1
2026-07-14 02:00:22 status half-installed libcrypt-dev:amd64 1:4.4.38-1
2026-07-14 02:00:22 status unpacked libcrypt-dev:amd64 1:4.4.38-1
2026-07-14 02:00:22 install rpcsvc-proto:amd64 <none> 1.4.3-1
2026-07-14 02:00:22 status half-installed rpcsvc-proto:amd64 1.4.3-1
2026-07-14 02:00:22 status unpacked rpcsvc-proto:amd64 1.4.3-1
2026-07-14 02:00:22 install libc6-dev:amd64 <none> 2.41-12+deb13u3
2026-07-14 02:00:22 status half-installed libc6-dev:amd64 2.41-12+deb13u3
2026-07-14 02:00:23 status unpacked libc6-dev:amd64 2.41-12+deb13u3
2026-07-14 02:00:23 install libbluetooth-dev:amd64 <none> 5.82-1.1
2026-07-14 02:00:23 status half-installed libbluetooth-dev:amd64 5.82-1.1
2026-07-14 02:00:23 status unpacked libbluetooth-dev:amd64 5.82-1.1
2026-07-14 02:00:23 install libbrotli1:amd64 <none> 1.1.0-2+b7
2026-07-14 02:00:23 status half-installed libbrotli1:amd64 1.1.0-2+b7
2026-07-14 02:00:23 status unpacked libbrotli1:amd64 1.1.0-2+b7
2026-07-14 02:00:23 install libbrotli-dev:amd64 <none> 1.1.0-2+b7
2026-07-14 02:00:23 status half-installed libbrotli-dev:amd64 1.1.0-2+b7
2026-07-14 02:00:23 status unpacked libbrotli-dev:amd64 1.1.0-2+b7
2026-07-14 02:00:23 install libbz2-dev:amd64 <none> 1.0.8-6
2026-07-14 02:00:23 status half-installed libbz2-dev:amd64 1.0.8-6
2026-07-14 02:00:23 status unpacked libbz2-dev:amd64 1.0.8-6
2026-07-14 02:00:23 install libdb5.3-dev:amd64 <none> 5.3.28+dfsg2-9
2026-07-14 02:00:23 status half-installed libdb5.3-dev:amd64 5.3.28+dfsg2-9
2026-07-14 02:00:23 status unpacked libdb5.3-dev:amd64 5.3.28+dfsg2-9
2026-07-14 02:00:23 install libdb-dev:amd64 <none> 5.3.4
2026-07-14 02:00:23 status half-installed libdb-dev:amd64 5.3.4
2026-07-14 02:00:23 status unpacked libdb-dev:amd64 5.3.4
2026-07-14 02:00:23 install libexpat1-dev:amd64 <none> 2.7.1-2
2026-07-14 02:00:23 status half-installed libexpat1-dev:amd64 2.7.1-2
2026-07-14 02:00:23 status unpacked libexpat1-dev:amd64 2.7.1-2
2026-07-14 02:00:23 install libffi-dev:amd64 <none> 3.4.8-2
2026-07-14 02:00:23 status half-installed libffi-dev:amd64 3.4.8-2
2026-07-14 02:00:23 status unpacked libffi-dev:amd64 3.4.8-2
2026-07-14 02:00:23 install libpng16-16t64:amd64 <none> 1.6.48-1+deb13u5
2026-07-14 02:00:23 status half-installed libpng16-16t64:amd64 1.6.48-1+deb13u5
2026-07-14 02:00:23 status unpacked libpng16-16t64:amd64 1.6.48-1+deb13u5
2026-07-14 02:00:23 install libfreetype6:amd64 <none> 2.13.3+dfsg-1+deb13u1
2026-07-14 02:00:23 status half-installed libfreetype6:amd64 2.13.3+dfsg-1+deb13u1
2026-07-14 02:00:23 status unpacked libfreetype6:amd64 2.13.3+dfsg-1+deb13u1
2026-07-14 02:00:23 install libfontconfig1:amd64 <none> 2.15.0-2.3
2026-07-14 02:00:23 status half-installed libfontconfig1:amd64 2.15.0-2.3
2026-07-14 02:00:23 status unpacked libfontconfig1:amd64 2.15.0-2.3
2026-07-14 02:00:23 install zlib1g-dev:amd64 <none> 1:1.3.dfsg+really1.3.1-1+b1
2026-07-14 02:00:23 status half-installed zlib1g-dev:amd64 1:1.3.dfsg+really1.3.1-1+b1
2026-07-14 02:00:23 status unpacked zlib1g-dev:amd64 1:1.3.dfsg+really1.3.1-1+b1
2026-07-14 02:00:23 install libpng-dev:amd64 <none> 1.6.48-1+deb13u5
2026-07-14 02:00:23 status half-installed libpng-dev:amd64 1.6.48-1+deb13u5
2026-07-14 02:00:23 status unpacked libpng-dev:amd64 1.6.48-1+deb13u5
2026-07-14 02:00:23 install libfreetype-dev:amd64 <none> 2.13.3+dfsg-1+deb13u1
2026-07-14 02:00:23 status half-installed libfreetype-dev:amd64 2.13.3+dfsg-1+deb13u1
2026-07-14 02:00:23 status unpacked libfreetype-dev:amd64 2.13.3+dfsg-1+deb13u1
2026-07-14 02:00:23 install uuid-dev:amd64 <none> 2.41-5
2026-07-14 02:00:23 status half-installed uuid-dev:amd64 2.41-5
2026-07-14 02:00:23 status unpacked uuid-dev:amd64 2.41-5
2026-07-14 02:00:23 install libpkgconf3:amd64 <none> 1.8.1-4
2026-07-14 02:00:23 status half-installed libpkgconf3:amd64 1.8.1-4
2026-07-14 02:00:23 status unpacked libpkgconf3:amd64 1.8.1-4
2026-07-14 02:00:23 install pkgconf-bin:amd64 <none> 1.8.1-4
2026-07-14 02:00:23 status half-installed pkgconf-bin:amd64 1.8.1-4
2026-07-14 02:00:23 status unpacked pkgconf-bin:amd64 1.8.1-4
2026-07-14 02:00:23 install pkgconf:amd64 <none> 1.8.1-4
2026-07-14 02:00:23 status half-installed pkgconf:amd64 1.8.1-4
2026-07-14 02:00:23 status unpacked pkgconf:amd64 1.8.1-4
2026-07-14 02:00:24 install libfontconfig-dev:amd64 <none> 2.15.0-2.3
2026-07-14 02:00:24 status half-installed libfontconfig-dev:amd64 2.15.0-2.3
2026-07-14 02:00:24 status unpacked libfontconfig-dev:amd64 2.15.0-2.3
2026-07-14 02:00:24 install libfontconfig1-dev:amd64 <none> 2.15.0-2.3
2026-07-14 02:00:24 status half-installed libfontconfig1-dev:amd64 2.15.0-2.3
2026-07-14 02:00:24 status unpacked libfontconfig1-dev:amd64 2.15.0-2.3
2026-07-14 02:00:24 install libgdbm-dev:amd64 <none> 1.24-2
2026-07-14 02:00:24 status half-installed libgdbm-dev:amd64 1.24-2
2026-07-14 02:00:24 status unpacked libgdbm-dev:amd64 1.24-2
2026-07-14 02:00:24 install liblzma-dev:amd64 <none> 5.8.1-1+deb13u1
2026-07-14 02:00:24 status half-installed liblzma-dev:amd64 5.8.1-1+deb13u1
2026-07-14 02:00:24 status unpacked liblzma-dev:amd64 5.8.1-1+deb13u1
2026-07-14 02:00:24 install libncurses6:amd64 <none> 6.5+20250216-2
2026-07-14 02:00:24 status half-installed libncurses6:amd64 6.5+20250216-2
2026-07-14 02:00:24 status unpacked libncurses6:amd64 6.5+20250216-2
2026-07-14 02:00:24 install libncurses-dev:amd64 <none> 6.5+20250216-2
2026-07-14 02:00:24 status half-installed libncurses-dev:amd64 6.5+20250216-2
2026-07-14 02:00:24 status unpacked libncurses-dev:amd64 6.5+20250216-2
2026-07-14 02:00:24 install libreadline-dev:amd64 <none> 8.2-6
2026-07-14 02:00:24 status half-installed libreadline-dev:amd64 8.2-6
2026-07-14 02:00:24 status unpacked libreadline-dev:amd64 8.2-6
2026-07-14 02:00:24 install libsqlite3-dev:amd64 <none> 3.46.1-7+deb13u1
2026-07-14 02:00:24 status half-installed libsqlite3-dev:amd64 3.46.1-7+deb13u1
2026-07-14 02:00:24 status unpacked libsqlite3-dev:amd64 3.46.1-7+deb13u1
2026-07-14 02:00:24 install libssl-dev:amd64 <none> 3.5.6-1~deb13u2
2026-07-14 02:00:24 status half-installed libssl-dev:amd64 3.5.6-1~deb13u2
2026-07-14 02:00:24 status unpacked libssl-dev:amd64 3.5.6-1~deb13u2
2026-07-14 02:00:24 install libtcl8.6:amd64 <none> 8.6.16+dfsg-1
2026-07-14 02:00:24 status half-installed libtcl8.6:amd64 8.6.16+dfsg-1
2026-07-14 02:00:24 status unpacked libtcl8.6:amd64 8.6.16+dfsg-1
2026-07-14 02:00:24 install libxau6:amd64 <none> 1:1.0.11-1
2026-07-14 02:00:24 status half-installed libxau6:amd64 1:1.0.11-1
2026-07-14 02:00:24 status unpacked libxau6:amd64 1:1.0.11-1
2026-07-14 02:00:24 install libxdmcp6:amd64 <none> 1:1.1.5-1
2026-07-14 02:00:24 status half-installed libxdmcp6:amd64 1:1.1.5-1
2026-07-14 02:00:24 status unpacked libxdmcp6:amd64 1:1.1.5-1
2026-07-14 02:00:24 install libxcb1:amd64 <none> 1.17.0-2+b1
2026-07-14 02:00:24 status half-installed libxcb1:amd64 1.17.0-2+b1
2026-07-14 02:00:24 status unpacked libxcb1:amd64 1.17.0-2+b1
2026-07-14 02:00:24 install libx11-data:all <none> 2:1.8.12-1
2026-07-14 02:00:24 status half-installed libx11-data:all 2:1.8.12-1
2026-07-14 02:00:24 status unpacked libx11-data:all 2:1.8.12-1
2026-07-14 02:00:24 install libx11-6:amd64 <none> 2:1.8.12-1
2026-07-14 02:00:24 status half-installed libx11-6:amd64 2:1.8.12-1
2026-07-14 02:00:24 status unpacked libx11-6:amd64 2:1.8.12-1
2026-07-14 02:00:24 install libxrender1:amd64 <none> 1:0.9.12-1
2026-07-14 02:00:24 status half-installed libxrender1:amd64 1:0.9.12-1
2026-07-14 02:00:24 status unpacked libxrender1:amd64 1:0.9.12-1
2026-07-14 02:00:24 install libxft2:amd64 <none> 2.3.6-1+b4
2026-07-14 02:00:24 status half-installed libxft2:amd64 2.3.6-1+b4
2026-07-14 02:00:25 status unpacked libxft2:amd64 2.3.6-1+b4
2026-07-14 02:00:25 install libxext6:amd64 <none> 2:1.3.4-1+b3
2026-07-14 02:00:25 status half-installed libxext6:amd64 2:1.3.4-1+b3
2026-07-14 02:00:25 status unpacked libxext6:amd64 2:1.3.4-1+b3
2026-07-14 02:00:25 install x11-common:all <none> 1:7.7+24+deb13u1
2026-07-14 02:00:25 status half-installed x11-common:all 1:7.7+24+deb13u1
2026-07-14 02:00:25 status unpacked x11-common:all 1:7.7+24+deb13u1
2026-07-14 02:00:25 install libxss1:amd64 <none> 1:1.2.3-1+b3
2026-07-14 02:00:25 status half-installed libxss1:amd64 1:1.2.3-1+b3
2026-07-14 02:00:25 status unpacked libxss1:amd64 1:1.2.3-1+b3
2026-07-14 02:00:25 install libtk8.6:amd64 <none> 8.6.16-1
2026-07-14 02:00:25 status half-installed libtk8.6:amd64 8.6.16-1
2026-07-14 02:00:25 status unpacked libtk8.6:amd64 8.6.16-1
2026-07-14 02:00:25 install xorg-sgml-doctools:all <none> 1:1.11-1.1
2026-07-14 02:00:25 status half-installed xorg-sgml-doctools:all 1:1.11-1.1
2026-07-14 02:00:25 status unpacked xorg-sgml-doctools:all 1:1.11-1.1
2026-07-14 02:00:25 install x11proto-dev:all <none> 2024.1-1
2026-07-14 02:00:25 status half-installed x11proto-dev:all 2024.1-1
2026-07-14 02:00:25 status unpacked x11proto-dev:all 2024.1-1
2026-07-14 02:00:25 install libxau-dev:amd64 <none> 1:1.0.11-1
2026-07-14 02:00:25 status half-installed libxau-dev:amd64 1:1.0.11-1
2026-07-14 02:00:25 status unpacked libxau-dev:amd64 1:1.0.11-1
2026-07-14 02:00:25 install libxdmcp-dev:amd64 <none> 1:1.1.5-1
2026-07-14 02:00:25 status half-installed libxdmcp-dev:amd64 1:1.1.5-1
2026-07-14 02:00:25 status unpacked libxdmcp-dev:amd64 1:1.1.5-1
2026-07-14 02:00:25 install xtrans-dev:all <none> 1.4.0-1
2026-07-14 02:00:25 status half-installed xtrans-dev:all 1.4.0-1
2026-07-14 02:00:25 status unpacked xtrans-dev:all 1.4.0-1
2026-07-14 02:00:25 install libxcb1-dev:amd64 <none> 1.17.0-2+b1
2026-07-14 02:00:25 status half-installed libxcb1-dev:amd64 1.17.0-2+b1
2026-07-14 02:00:25 status unpacked libxcb1-dev:amd64 1.17.0-2+b1
2026-07-14 02:00:25 install libx11-dev:amd64 <none> 2:1.8.12-1
2026-07-14 02:00:25 status half-installed libx11-dev:amd64 2:1.8.12-1
2026-07-14 02:00:25 status unpacked libx11-dev:amd64 2:1.8.12-1
2026-07-14 02:00:25 install libxext-dev:amd64 <none> 2:1.3.4-1+b3
2026-07-14 02:00:25 status half-installed libxext-dev:amd64 2:1.3.4-1+b3
2026-07-14 02:00:25 status unpacked libxext-dev:amd64 2:1.3.4-1+b3
2026-07-14 02:00:25 install libxrender-dev:amd64 <none> 1:0.9.12-1
2026-07-14 02:00:25 status half-installed libxrender-dev:amd64 1:0.9.12-1
2026-07-14 02:00:25 status unpacked libxrender-dev:amd64 1:0.9.12-1
2026-07-14 02:00:25 install libxft-dev:amd64 <none> 2.3.6-1+b4
2026-07-14 02:00:25 status half-installed libxft-dev:amd64 2.3.6-1+b4
2026-07-14 02:00:25 status unpacked libxft-dev:amd64 2.3.6-1+b4
2026-07-14 02:00:25 install libxss-dev:amd64 <none> 1:1.2.3-1+b3
2026-07-14 02:00:25 status half-installed libxss-dev:amd64 1:1.2.3-1+b3
2026-07-14 02:00:25 status unpacked libxss-dev:amd64 1:1.2.3-1+b3
2026-07-14 02:00:25 install tcl8.6:amd64 <none> 8.6.16+dfsg-1
2026-07-14 02:00:25 status half-installed tcl8.6:amd64 8.6.16+dfsg-1
2026-07-14 02:00:25 status unpacked tcl8.6:amd64 8.6.16+dfsg-1
2026-07-14 02:00:25 install tcl:amd64 <none> 8.6.16
2026-07-14 02:00:25 status half-installed tcl:amd64 8.6.16
2026-07-14 02:00:25 status unpacked tcl:amd64 8.6.16
2026-07-14 02:00:25 install tcl8.6-dev:amd64 <none> 8.6.16+dfsg-1
2026-07-14 02:00:25 status half-installed tcl8.6-dev:amd64 8.6.16+dfsg-1
2026-07-14 02:00:25 status unpacked tcl8.6-dev:amd64 8.6.16+dfsg-1
2026-07-14 02:00:25 install tcl-dev:amd64 <none> 8.6.16
2026-07-14 02:00:25 status half-installed tcl-dev:amd64 8.6.16
2026-07-14 02:00:25 status unpacked tcl-dev:amd64 8.6.16
2026-07-14 02:00:25 install tk8.6:amd64 <none> 8.6.16-1
2026-07-14 02:00:25 status half-installed tk8.6:amd64 8.6.16-1
2026-07-14 02:00:26 status unpacked tk8.6:amd64 8.6.16-1
2026-07-14 02:00:26 install tk:amd64 <none> 8.6.16
2026-07-14 02:00:26 status half-installed tk:amd64 8.6.16
2026-07-14 02:00:26 status unpacked tk:amd64 8.6.16
2026-07-14 02:00:26 install x11proto-core-dev:all <none> 2024.1-1
2026-07-14 02:00:26 status half-installed x11proto-core-dev:all 2024.1-1
2026-07-14 02:00:26 status unpacked x11proto-core-dev:all 2024.1-1
2026-07-14 02:00:26 install tk8.6-dev:amd64 <none> 8.6.16-1
2026-07-14 02:00:26 status half-installed tk8.6-dev:amd64 8.6.16-1
2026-07-14 02:00:26 status unpacked tk8.6-dev:amd64 8.6.16-1
2026-07-14 02:00:26 install tk-dev:amd64 <none> 8.6.16
2026-07-14 02:00:26 status half-installed tk-dev:amd64 8.6.16
2026-07-14 02:00:26 status unpacked tk-dev:amd64 8.6.16
2026-07-14 02:00:26 startup packages configure
2026-07-14 02:00:26 configure libexpat1:amd64 2.7.1-2 <none>
2026-07-14 02:00:26 status unpacked libexpat1:amd64 2.7.1-2
2026-07-14 02:00:26 status half-configured libexpat1:amd64 2.7.1-2
2026-07-14 02:00:26 status installed libexpat1:amd64 2.7.1-2
2026-07-14 02:00:26 configure libxau6:amd64 1:1.0.11-1 <none>
2026-07-14 02:00:26 status unpacked libxau6:amd64 1:1.0.11-1
2026-07-14 02:00:26 status half-configured libxau6:amd64 1:1.0.11-1
2026-07-14 02:00:26 status installed libxau6:amd64 1:1.0.11-1
2026-07-14 02:00:26 configure libxdmcp6:amd64 1:1.1.5-1 <none>
2026-07-14 02:00:26 status unpacked libxdmcp6:amd64 1:1.1.5-1
2026-07-14 02:00:26 status half-configured libxdmcp6:amd64 1:1.1.5-1
2026-07-14 02:00:26 status installed libxdmcp6:amd64 1:1.1.5-1
2026-07-14 02:00:26 configure libnpth0t64:amd64 1.8-3 <none>
2026-07-14 02:00:26 status unpacked libnpth0t64:amd64 1.8-3
2026-07-14 02:00:26 status half-configured libnpth0t64:amd64 1.8-3
2026-07-14 02:00:26 status installed libnpth0t64:amd64 1.8-3
2026-07-14 02:00:26 configure libxcb1:amd64 1.17.0-2+b1 <none>
2026-07-14 02:00:26 status unpacked libxcb1:amd64 1.17.0-2+b1
2026-07-14 02:00:26 status half-configured libxcb1:amd64 1.17.0-2+b1
2026-07-14 02:00:26 status installed libxcb1:amd64 1.17.0-2+b1
2026-07-14 02:00:26 configure libgdbm6t64:amd64 1.24-2 <none>
2026-07-14 02:00:26 status unpacked libgdbm6t64:amd64 1.24-2
2026-07-14 02:00:26 status half-configured libgdbm6t64:amd64 1.24-2
2026-07-14 02:00:26 status installed libgdbm6t64:amd64 1.24-2
2026-07-14 02:00:26 configure libgpg-error0:amd64 1.51-4 <none>
2026-07-14 02:00:26 status unpacked libgpg-error0:amd64 1.51-4
2026-07-14 02:00:26 status half-configured libgpg-error0:amd64 1.51-4
2026-07-14 02:00:26 status installed libgpg-error0:amd64 1.51-4
2026-07-14 02:00:26 configure libgdbm-compat4t64:amd64 1.24-2 <none>
2026-07-14 02:00:26 status unpacked libgdbm-compat4t64:amd64 1.24-2
2026-07-14 02:00:26 status half-configured libgdbm-compat4t64:amd64 1.24-2
2026-07-14 02:00:26 status installed libgdbm-compat4t64:amd64 1.24-2
2026-07-14 02:00:26 configure libbrotli1:amd64 1.1.0-2+b7 <none>
2026-07-14 02:00:26 status unpacked libbrotli1:amd64 1.1.0-2+b7
2026-07-14 02:00:26 status half-configured libbrotli1:amd64 1.1.0-2+b7
2026-07-14 02:00:26 status installed libbrotli1:amd64 1.1.0-2+b7
2026-07-14 02:00:26 configure binutils-common:amd64 2.44-3 <none>
2026-07-14 02:00:26 status unpacked binutils-common:amd64 2.44-3
2026-07-14 02:00:26 status half-configured binutils-common:amd64 2.44-3
2026-07-14 02:00:26 status installed binutils-common:amd64 2.44-3
2026-07-14 02:00:26 configure x11-common:all 1:7.7+24+deb13u1 <none>
2026-07-14 02:00:26 status unpacked x11-common:all 1:7.7+24+deb13u1
2026-07-14 02:00:26 status half-configured x11-common:all 1:7.7+24+deb13u1
2026-07-14 02:00:26 status installed x11-common:all 1:7.7+24+deb13u1
2026-07-14 02:00:26 configure linux-libc-dev:all 6.12.95-1 <none>
2026-07-14 02:00:26 status unpacked linux-libc-dev:all 6.12.95-1
2026-07-14 02:00:26 status half-configured linux-libc-dev:all 6.12.95-1
2026-07-14 02:00:26 status installed linux-libc-dev:all 6.12.95-1
2026-07-14 02:00:26 configure libctf-nobfd0:amd64 2.44-3 <none>
2026-07-14 02:00:26 status unpacked libctf-nobfd0:amd64 2.44-3
2026-07-14 02:00:26 status half-configured libctf-nobfd0:amd64 2.44-3
2026-07-14 02:00:26 status installed libctf-nobfd0:amd64 2.44-3
2026-07-14 02:00:26 configure libgcrypt20:amd64 1.11.0-7+deb13u1 <none>
2026-07-14 02:00:26 status unpacked libgcrypt20:amd64 1.11.0-7+deb13u1
2026-07-14 02:00:26 status half-configured libgcrypt20:amd64 1.11.0-7+deb13u1
2026-07-14 02:00:26 status installed libgcrypt20:amd64 1.11.0-7+deb13u1
2026-07-14 02:00:26 configure libgomp1:amd64 14.2.0-19 <none>
2026-07-14 02:00:26 status unpacked libgomp1:amd64 14.2.0-19
2026-07-14 02:00:26 status half-configured libgomp1:amd64 14.2.0-19
2026-07-14 02:00:26 status installed libgomp1:amd64 14.2.0-19
2026-07-14 02:00:26 configure bzip2:amd64 1.0.8-6 <none>
2026-07-14 02:00:26 status unpacked bzip2:amd64 1.0.8-6
2026-07-14 02:00:26 status half-configured bzip2:amd64 1.0.8-6
2026-07-14 02:00:26 status installed bzip2:amd64 1.0.8-6
2026-07-14 02:00:26 configure libsframe1:amd64 2.44-3 <none>
2026-07-14 02:00:26 status unpacked libsframe1:amd64 2.44-3
2026-07-14 02:00:26 status half-configured libsframe1:amd64 2.44-3
2026-07-14 02:00:26 status installed libsframe1:amd64 2.44-3
2026-07-14 02:00:26 configure libjansson4:amd64 2.14-2+b3 <none>
2026-07-14 02:00:26 status unpacked libjansson4:amd64 2.14-2+b3
2026-07-14 02:00:26 status half-configured libjansson4:amd64 2.14-2+b3
2026-07-14 02:00:26 status installed libjansson4:amd64 2.14-2+b3
2026-07-14 02:00:26 configure libsasl2-modules-db:amd64 2.1.28+dfsg1-9 <none>
2026-07-14 02:00:26 status unpacked libsasl2-modules-db:amd64 2.1.28+dfsg1-9
2026-07-14 02:00:26 status half-configured libsasl2-modules-db:amd64 2.1.28+dfsg1-9
2026-07-14 02:00:26 status installed libsasl2-modules-db:amd64 2.1.28+dfsg1-9
2026-07-14 02:00:26 configure xtrans-dev:all 1.4.0-1 <none>
2026-07-14 02:00:26 status unpacked xtrans-dev:all 1.4.0-1
2026-07-14 02:00:26 status half-configured xtrans-dev:all 1.4.0-1
2026-07-14 02:00:26 status installed xtrans-dev:all 1.4.0-1
2026-07-14 02:00:26 configure libpkgconf3:amd64 1.8.1-4 <none>
2026-07-14 02:00:26 status unpacked libpkgconf3:amd64 1.8.1-4
2026-07-14 02:00:26 status half-configured libpkgconf3:amd64 1.8.1-4
2026-07-14 02:00:26 status installed libpkgconf3:amd64 1.8.1-4
2026-07-14 02:00:26 configure rpcsvc-proto:amd64 1.4.3-1 <none>
2026-07-14 02:00:26 status unpacked rpcsvc-proto:amd64 1.4.3-1
2026-07-14 02:00:26 status half-configured rpcsvc-proto:amd64 1.4.3-1
2026-07-14 02:00:26 status installed rpcsvc-proto:amd64 1.4.3-1
2026-07-14 02:00:26 configure libx11-data:all 2:1.8.12-1 <none>
2026-07-14 02:00:26 status unpacked libx11-data:all 2:1.8.12-1
2026-07-14 02:00:26 status half-configured libx11-data:all 2:1.8.12-1
2026-07-14 02:00:26 status installed libx11-data:all 2:1.8.12-1
2026-07-14 02:00:26 configure make:amd64 4.4.1-2 <none>
2026-07-14 02:00:26 status unpacked make:amd64 4.4.1-2
2026-07-14 02:00:26 status half-configured make:amd64 4.4.1-2
2026-07-14 02:00:26 status installed make:amd64 4.4.1-2
2026-07-14 02:00:26 configure libmpfr6:amd64 4.2.2-1 <none>
2026-07-14 02:00:26 status unpacked libmpfr6:amd64 4.2.2-1
2026-07-14 02:00:26 status half-configured libmpfr6:amd64 4.2.2-1
2026-07-14 02:00:26 status installed libmpfr6:amd64 4.2.2-1
2026-07-14 02:00:26 configure gnupg-l10n:all 2.4.7-21+deb13u1 <none>
2026-07-14 02:00:26 status unpacked gnupg-l10n:all 2.4.7-21+deb13u1
2026-07-14 02:00:26 status half-configured gnupg-l10n:all 2.4.7-21+deb13u1
2026-07-14 02:00:26 status installed gnupg-l10n:all 2.4.7-21+deb13u1
2026-07-14 02:00:26 configure libncurses6:amd64 6.5+20250216-2 <none>
2026-07-14 02:00:26 status unpacked libncurses6:amd64 6.5+20250216-2
2026-07-14 02:00:26 status half-configured libncurses6:amd64 6.5+20250216-2
2026-07-14 02:00:26 status installed libncurses6:amd64 6.5+20250216-2
2026-07-14 02:00:26 configure xz-utils:amd64 5.8.1-1+deb13u1 <none>
2026-07-14 02:00:26 status unpacked xz-utils:amd64 5.8.1-1+deb13u1
2026-07-14 02:00:26 status half-configured xz-utils:amd64 5.8.1-1+deb13u1
2026-07-14 02:00:26 status installed xz-utils:amd64 5.8.1-1+deb13u1
2026-07-14 02:00:26 configure libquadmath0:amd64 14.2.0-19 <none>
2026-07-14 02:00:26 status unpacked libquadmath0:amd64 14.2.0-19
2026-07-14 02:00:26 status half-configured libquadmath0:amd64 14.2.0-19
2026-07-14 02:00:26 status installed libquadmath0:amd64 14.2.0-19
2026-07-14 02:00:26 configure libunistring5:amd64 1.3-2 <none>
2026-07-14 02:00:26 status unpacked libunistring5:amd64 1.3-2
2026-07-14 02:00:26 status half-configured libunistring5:amd64 1.3-2
2026-07-14 02:00:26 status installed libunistring5:amd64 1.3-2
2026-07-14 02:00:26 configure fonts-dejavu-mono:all 2.37-8 <none>
2026-07-14 02:00:26 status unpacked fonts-dejavu-mono:all 2.37-8
2026-07-14 02:00:26 status half-configured fonts-dejavu-mono:all 2.37-8
2026-07-14 02:00:26 status installed fonts-dejavu-mono:all 2.37-8
2026-07-14 02:00:26 configure libssl-dev:amd64 3.5.6-1~deb13u2 <none>
2026-07-14 02:00:26 status unpacked libssl-dev:amd64 3.5.6-1~deb13u2
2026-07-14 02:00:26 status half-configured libssl-dev:amd64 3.5.6-1~deb13u2
2026-07-14 02:00:26 status installed libssl-dev:amd64 3.5.6-1~deb13u2
2026-07-14 02:00:26 configure libpng16-16t64:amd64 1.6.48-1+deb13u5 <none>
2026-07-14 02:00:26 status unpacked libpng16-16t64:amd64 1.6.48-1+deb13u5
2026-07-14 02:00:26 status half-configured libpng16-16t64:amd64 1.6.48-1+deb13u5
2026-07-14 02:00:26 status installed libpng16-16t64:amd64 1.6.48-1+deb13u5
2026-07-14 02:00:26 configure libmpc3:amd64 1.3.1-1+b3 <none>
2026-07-14 02:00:26 status unpacked libmpc3:amd64 1.3.1-1+b3
2026-07-14 02:00:26 status half-configured libmpc3:amd64 1.3.1-1+b3
2026-07-14 02:00:26 status installed libmpc3:amd64 1.3.1-1+b3
2026-07-14 02:00:26 configure libatomic1:amd64 14.2.0-19 <none>
2026-07-14 02:00:26 status unpacked libatomic1:amd64 14.2.0-19
2026-07-14 02:00:26 status half-configured libatomic1:amd64 14.2.0-19
2026-07-14 02:00:26 status installed libatomic1:amd64 14.2.0-19
2026-07-14 02:00:26 configure patch:amd64 2.8-2 <none>
2026-07-14 02:00:26 status unpacked patch:amd64 2.8-2
2026-07-14 02:00:26 status half-configured patch:amd64 2.8-2
2026-07-14 02:00:26 status installed patch:amd64 2.8-2
2026-07-14 02:00:26 configure libtcl8.6:amd64 8.6.16+dfsg-1 <none>
2026-07-14 02:00:26 status unpacked libtcl8.6:amd64 8.6.16+dfsg-1
2026-07-14 02:00:26 status half-configured libtcl8.6:amd64 8.6.16+dfsg-1
2026-07-14 02:00:26 status installed libtcl8.6:amd64 8.6.16+dfsg-1
2026-07-14 02:00:26 configure fonts-dejavu-core:all 2.37-8 <none>
2026-07-14 02:00:26 status unpacked fonts-dejavu-core:all 2.37-8
2026-07-14 02:00:27 status half-configured fonts-dejavu-core:all 2.37-8
2026-07-14 02:00:27 status installed fonts-dejavu-core:all 2.37-8
2026-07-14 02:00:27 configure pkgconf-bin:amd64 1.8.1-4 <none>
2026-07-14 02:00:27 status unpacked pkgconf-bin:amd64 1.8.1-4
2026-07-14 02:00:27 status half-configured pkgconf-bin:amd64 1.8.1-4
2026-07-14 02:00:27 status installed pkgconf-bin:amd64 1.8.1-4
2026-07-14 02:00:27 configure libncursesw6:amd64 6.5+20250216-2 <none>
2026-07-14 02:00:27 status unpacked libncursesw6:amd64 6.5+20250216-2
2026-07-14 02:00:27 status half-configured libncursesw6:amd64 6.5+20250216-2
2026-07-14 02:00:27 status installed libncursesw6:amd64 6.5+20250216-2
2026-07-14 02:00:27 configure libsasl2-2:amd64 2.1.28+dfsg1-9 <none>
2026-07-14 02:00:27 status unpacked libsasl2-2:amd64 2.1.28+dfsg1-9
2026-07-14 02:00:27 status half-configured libsasl2-2:amd64 2.1.28+dfsg1-9
2026-07-14 02:00:27 status installed libsasl2-2:amd64 2.1.28+dfsg1-9
2026-07-14 02:00:27 configure liblzma-dev:amd64 5.8.1-1+deb13u1 <none>
2026-07-14 02:00:27 status unpacked liblzma-dev:amd64 5.8.1-1+deb13u1
2026-07-14 02:00:27 status half-configured liblzma-dev:amd64 5.8.1-1+deb13u1
2026-07-14 02:00:27 status installed liblzma-dev:amd64 5.8.1-1+deb13u1
2026-07-14 02:00:27 configure libubsan1:amd64 14.2.0-19 <none>
2026-07-14 02:00:27 status unpacked libubsan1:amd64 14.2.0-19
2026-07-14 02:00:27 status half-configured libubsan1:amd64 14.2.0-19
2026-07-14 02:00:27 status installed libubsan1:amd64 14.2.0-19
2026-07-14 02:00:27 configure libffi8:amd64 3.4.8-2 <none>
2026-07-14 02:00:27 status unpacked libffi8:amd64 3.4.8-2
2026-07-14 02:00:27 status half-configured libffi8:amd64 3.4.8-2
2026-07-14 02:00:27 status installed libffi8:amd64 3.4.8-2
2026-07-14 02:00:27 configure perl-modules-5.40:all 5.40.1-6 <none>
2026-07-14 02:00:27 status unpacked perl-modules-5.40:all 5.40.1-6
2026-07-14 02:00:27 status half-configured perl-modules-5.40:all 5.40.1-6
2026-07-14 02:00:27 status installed perl-modules-5.40:all 5.40.1-6
2026-07-14 02:00:27 configure libhwasan0:amd64 14.2.0-19 <none>
2026-07-14 02:00:27 status unpacked libhwasan0:amd64 14.2.0-19
2026-07-14 02:00:27 status half-configured libhwasan0:amd64 14.2.0-19
2026-07-14 02:00:27 status installed libhwasan0:amd64 14.2.0-19
2026-07-14 02:00:27 configure libbluetooth3:amd64 5.82-1.1 <none>
2026-07-14 02:00:27 status unpacked libbluetooth3:amd64 5.82-1.1
2026-07-14 02:00:27 status half-configured libbluetooth3:amd64 5.82-1.1
2026-07-14 02:00:27 status installed libbluetooth3:amd64 5.82-1.1
2026-07-14 02:00:27 configure libdb5.3-dev:amd64 5.3.28+dfsg2-9 <none>
2026-07-14 02:00:27 status unpacked libdb5.3-dev:amd64 5.3.28+dfsg2-9
2026-07-14 02:00:27 status half-configured libdb5.3-dev:amd64 5.3.28+dfsg2-9
2026-07-14 02:00:27 status installed libdb5.3-dev:amd64 5.3.28+dfsg2-9
2026-07-14 02:00:27 configure libcrypt-dev:amd64 1:4.4.38-1 <none>
2026-07-14 02:00:27 status unpacked libcrypt-dev:amd64 1:4.4.38-1
2026-07-14 02:00:27 status half-configured libcrypt-dev:amd64 1:4.4.38-1
2026-07-14 02:00:27 status installed libcrypt-dev:amd64 1:4.4.38-1
2026-07-14 02:00:27 configure libasan8:amd64 14.2.0-19 <none>
2026-07-14 02:00:27 status unpacked libasan8:amd64 14.2.0-19
2026-07-14 02:00:27 status half-configured libasan8:amd64 14.2.0-19
2026-07-14 02:00:27 status installed libasan8:amd64 14.2.0-19
2026-07-14 02:00:27 configure libassuan9:amd64 3.0.2-2 <none>
2026-07-14 02:00:27 status unpacked libassuan9:amd64 3.0.2-2
2026-07-14 02:00:27 status half-configured libassuan9:amd64 3.0.2-2
2026-07-14 02:00:27 status installed libassuan9:amd64 3.0.2-2
2026-07-14 02:00:27 configure libtasn1-6:amd64 4.20.0-2+deb13u1 <none>
2026-07-14 02:00:27 status unpacked libtasn1-6:amd64 4.20.0-2+deb13u1
2026-07-14 02:00:27 status half-configured libtasn1-6:amd64 4.20.0-2+deb13u1
2026-07-14 02:00:27 status installed libtasn1-6:amd64 4.20.0-2+deb13u1
2026-07-14 02:00:27 configure libx11-6:amd64 2:1.8.12-1 <none>
2026-07-14 02:00:27 status unpacked libx11-6:amd64 2:1.8.12-1
2026-07-14 02:00:27 status half-configured libx11-6:amd64 2:1.8.12-1
2026-07-14 02:00:27 status installed libx11-6:amd64 2:1.8.12-1
2026-07-14 02:00:27 configure xorg-sgml-doctools:all 1:1.11-1.1 <none>
2026-07-14 02:00:27 status unpacked xorg-sgml-doctools:all 1:1.11-1.1
2026-07-14 02:00:27 status half-configured xorg-sgml-doctools:all 1:1.11-1.1
2026-07-14 02:00:27 status installed xorg-sgml-doctools:all 1:1.11-1.1
2026-07-14 02:00:27 configure libtsan2:amd64 14.2.0-19 <none>
2026-07-14 02:00:27 status unpacked libtsan2:amd64 14.2.0-19
2026-07-14 02:00:27 status half-configured libtsan2:amd64 14.2.0-19
2026-07-14 02:00:27 status installed libtsan2:amd64 14.2.0-19
2026-07-14 02:00:27 configure libbinutils:amd64 2.44-3 <none>
2026-07-14 02:00:27 status unpacked libbinutils:amd64 2.44-3
2026-07-14 02:00:27 status half-configured libbinutils:amd64 2.44-3
2026-07-14 02:00:27 status installed libbinutils:amd64 2.44-3
2026-07-14 02:00:27 configure libisl23:amd64 0.27-1 <none>
2026-07-14 02:00:27 status unpacked libisl23:amd64 0.27-1
2026-07-14 02:00:27 status half-configured libisl23:amd64 0.27-1
2026-07-14 02:00:27 status installed libisl23:amd64 0.27-1
2026-07-14 02:00:27 configure libc-dev-bin:amd64 2.41-12+deb13u3 <none>
2026-07-14 02:00:27 status unpacked libc-dev-bin:amd64 2.41-12+deb13u3
2026-07-14 02:00:27 status half-configured libc-dev-bin:amd64 2.41-12+deb13u3
2026-07-14 02:00:27 status installed libc-dev-bin:amd64 2.41-12+deb13u3
2026-07-14 02:00:27 configure readline-common:all 8.2-6 <none>
2026-07-14 02:00:27 status unpacked readline-common:all 8.2-6
2026-07-14 02:00:27 status half-configured readline-common:all 8.2-6
2026-07-14 02:00:27 status installed readline-common:all 8.2-6
2026-07-14 02:00:27 configure libcc1-0:amd64 14.2.0-19 <none>
2026-07-14 02:00:27 status unpacked libcc1-0:amd64 14.2.0-19
2026-07-14 02:00:27 status half-configured libcc1-0:amd64 14.2.0-19
2026-07-14 02:00:27 status installed libcc1-0:amd64 14.2.0-19
2026-07-14 02:00:27 configure libldap2:amd64 2.6.10+dfsg-1 <none>
2026-07-14 02:00:27 status unpacked libldap2:amd64 2.6.10+dfsg-1
2026-07-14 02:00:27 status half-configured libldap2:amd64 2.6.10+dfsg-1
2026-07-14 02:00:27 status installed libldap2:amd64 2.6.10+dfsg-1
2026-07-14 02:00:27 configure libbrotli-dev:amd64 1.1.0-2+b7 <none>
2026-07-14 02:00:27 status unpacked libbrotli-dev:amd64 1.1.0-2+b7
2026-07-14 02:00:27 status half-configured libbrotli-dev:amd64 1.1.0-2+b7
2026-07-14 02:00:27 status installed libbrotli-dev:amd64 1.1.0-2+b7
2026-07-14 02:00:27 configure liblsan0:amd64 14.2.0-19 <none>
2026-07-14 02:00:27 status unpacked liblsan0:amd64 14.2.0-19
2026-07-14 02:00:27 status half-configured liblsan0:amd64 14.2.0-19
2026-07-14 02:00:27 status installed liblsan0:amd64 14.2.0-19
2026-07-14 02:00:27 configure libitm1:amd64 14.2.0-19 <none>
2026-07-14 02:00:27 status unpacked libitm1:amd64 14.2.0-19
2026-07-14 02:00:27 status half-configured libitm1:amd64 14.2.0-19
2026-07-14 02:00:27 status installed libitm1:amd64 14.2.0-19
2026-07-14 02:00:27 configure libctf0:amd64 2.44-3 <none>
2026-07-14 02:00:27 status unpacked libctf0:amd64 2.44-3
2026-07-14 02:00:27 status half-configured libctf0:amd64 2.44-3
2026-07-14 02:00:27 status installed libctf0:amd64 2.44-3
2026-07-14 02:00:27 configure libksba8:amd64 1.6.7-2+b1 <none>
2026-07-14 02:00:27 status unpacked libksba8:amd64 1.6.7-2+b1
2026-07-14 02:00:27 status half-configured libksba8:amd64 1.6.7-2+b1
2026-07-14 02:00:27 status installed libksba8:amd64 1.6.7-2+b1
2026-07-14 02:00:27 configure pinentry-curses:amd64 1.3.1-2 <none>
2026-07-14 02:00:27 status unpacked pinentry-curses:amd64 1.3.1-2
2026-07-14 02:00:27 status half-configured pinentry-curses:amd64 1.3.1-2
2026-07-14 02:00:27 status installed pinentry-curses:amd64 1.3.1-2
2026-07-14 02:00:27 configure x11proto-dev:all 2024.1-1 <none>
2026-07-14 02:00:27 status unpacked x11proto-dev:all 2024.1-1
2026-07-14 02:00:27 status half-configured x11proto-dev:all 2024.1-1
2026-07-14 02:00:27 status installed x11proto-dev:all 2024.1-1
2026-07-14 02:00:27 configure tcl8.6:amd64 8.6.16+dfsg-1 <none>
2026-07-14 02:00:27 status unpacked tcl8.6:amd64 8.6.16+dfsg-1
2026-07-14 02:00:27 status half-configured tcl8.6:amd64 8.6.16+dfsg-1
2026-07-14 02:00:27 status installed tcl8.6:amd64 8.6.16+dfsg-1
2026-07-14 02:00:27 configure libxau-dev:amd64 1:1.0.11-1 <none>
2026-07-14 02:00:27 status unpacked libxau-dev:amd64 1:1.0.11-1
2026-07-14 02:00:27 status half-configured libxau-dev:amd64 1:1.0.11-1
2026-07-14 02:00:27 status installed libxau-dev:amd64 1:1.0.11-1
2026-07-14 02:00:27 configure libxrender1:amd64 1:0.9.12-1 <none>
2026-07-14 02:00:27 status unpacked libxrender1:amd64 1:0.9.12-1
2026-07-14 02:00:27 status half-configured libxrender1:amd64 1:0.9.12-1
2026-07-14 02:00:27 status installed libxrender1:amd64 1:0.9.12-1
2026-07-14 02:00:27 configure fontconfig-config:amd64 2.15.0-2.3 <none>
2026-07-14 02:00:27 status unpacked fontconfig-config:amd64 2.15.0-2.3
2026-07-14 02:00:27 status half-configured fontconfig-config:amd64 2.15.0-2.3
2026-07-14 02:00:27 status installed fontconfig-config:amd64 2.15.0-2.3
2026-07-14 02:00:27 configure libxext6:amd64 2:1.3.4-1+b3 <none>
2026-07-14 02:00:27 status unpacked libxext6:amd64 2:1.3.4-1+b3
2026-07-14 02:00:27 status half-configured libxext6:amd64 2:1.3.4-1+b3
2026-07-14 02:00:27 status installed libxext6:amd64 2:1.3.4-1+b3
2026-07-14 02:00:27 configure libidn2-0:amd64 2.3.8-2 <none>
2026-07-14 02:00:27 status unpacked libidn2-0:amd64 2.3.8-2
2026-07-14 02:00:27 status half-configured libidn2-0:amd64 2.3.8-2
2026-07-14 02:00:27 status installed libidn2-0:amd64 2.3.8-2
2026-07-14 02:00:27 configure libffi-dev:amd64 3.4.8-2 <none>
2026-07-14 02:00:27 status unpacked libffi-dev:amd64 3.4.8-2
2026-07-14 02:00:27 status half-configured libffi-dev:amd64 3.4.8-2
2026-07-14 02:00:27 status installed libffi-dev:amd64 3.4.8-2
2026-07-14 02:00:27 configure pkgconf:amd64 1.8.1-4 <none>
2026-07-14 02:00:27 status unpacked pkgconf:amd64 1.8.1-4
2026-07-14 02:00:27 status half-configured pkgconf:amd64 1.8.1-4
2026-07-14 02:00:27 status installed pkgconf:amd64 1.8.1-4
2026-07-14 02:00:27 configure libperl5.40:amd64 5.40.1-6 <none>
2026-07-14 02:00:27 status unpacked libperl5.40:amd64 5.40.1-6
2026-07-14 02:00:27 status half-configured libperl5.40:amd64 5.40.1-6
2026-07-14 02:00:27 status installed libperl5.40:amd64 5.40.1-6
2026-07-14 02:00:27 configure libxdmcp-dev:amd64 1:1.1.5-1 <none>
2026-07-14 02:00:27 status unpacked libxdmcp-dev:amd64 1:1.1.5-1
2026-07-14 02:00:27 status half-configured libxdmcp-dev:amd64 1:1.1.5-1
2026-07-14 02:00:27 status installed libxdmcp-dev:amd64 1:1.1.5-1
2026-07-14 02:00:27 configure perl:amd64 5.40.1-6 <none>
2026-07-14 02:00:27 status unpacked perl:amd64 5.40.1-6
2026-07-14 02:00:27 status half-configured perl:amd64 5.40.1-6
2026-07-14 02:00:27 status installed perl:amd64 5.40.1-6
2026-07-14 02:00:27 configure libgprofng0:amd64 2.44-3 <none>
2026-07-14 02:00:27 status unpacked libgprofng0:amd64 2.44-3
2026-07-14 02:00:27 status half-configured libgprofng0:amd64 2.44-3
2026-07-14 02:00:27 status installed libgprofng0:amd64 2.44-3
2026-07-14 02:00:27 configure libfreetype6:amd64 2.13.3+dfsg-1+deb13u1 <none>
2026-07-14 02:00:27 status unpacked libfreetype6:amd64 2.13.3+dfsg-1+deb13u1
2026-07-14 02:00:27 status half-configured libfreetype6:amd64 2.13.3+dfsg-1+deb13u1
2026-07-14 02:00:27 status installed libfreetype6:amd64 2.13.3+dfsg-1+deb13u1
2026-07-14 02:00:27 configure x11proto-core-dev:all 2024.1-1 <none>
2026-07-14 02:00:27 status unpacked x11proto-core-dev:all 2024.1-1
2026-07-14 02:00:27 status half-configured x11proto-core-dev:all 2024.1-1
2026-07-14 02:00:27 status installed x11proto-core-dev:all 2024.1-1
2026-07-14 02:00:27 configure libdb-dev:amd64 5.3.4 <none>
2026-07-14 02:00:27 status unpacked libdb-dev:amd64 5.3.4
2026-07-14 02:00:27 status half-configured libdb-dev:amd64 5.3.4
2026-07-14 02:00:27 status installed libdb-dev:amd64 5.3.4
2026-07-14 02:00:27 configure libp11-kit0:amd64 0.25.5-3 <none>
2026-07-14 02:00:27 status unpacked libp11-kit0:amd64 0.25.5-3
2026-07-14 02:00:27 status half-configured libp11-kit0:amd64 0.25.5-3
2026-07-14 02:00:27 status installed libp11-kit0:amd64 0.25.5-3
2026-07-14 02:00:27 configure cpp-14-x86-64-linux-gnu:amd64 14.2.0-19 <none>
2026-07-14 02:00:27 status unpacked cpp-14-x86-64-linux-gnu:amd64 14.2.0-19
2026-07-14 02:00:27 status half-configured cpp-14-x86-64-linux-gnu:amd64 14.2.0-19
2026-07-14 02:00:27 status installed cpp-14-x86-64-linux-gnu:amd64 14.2.0-19
2026-07-14 02:00:27 configure libdpkg-perl:all 1.22.22 <none>
2026-07-14 02:00:27 status unpacked libdpkg-perl:all 1.22.22
2026-07-14 02:00:27 status half-configured libdpkg-perl:all 1.22.22
2026-07-14 02:00:27 status installed libdpkg-perl:all 1.22.22
2026-07-14 02:00:27 configure cpp-14:amd64 14.2.0-19 <none>
2026-07-14 02:00:27 status unpacked cpp-14:amd64 14.2.0-19
2026-07-14 02:00:27 status half-configured cpp-14:amd64 14.2.0-19
2026-07-14 02:00:27 status installed cpp-14:amd64 14.2.0-19
2026-07-14 02:00:27 configure libreadline8t64:amd64 8.2-6 <none>
2026-07-14 02:00:27 status unpacked libreadline8t64:amd64 8.2-6
2026-07-14 02:00:27 status half-configured libreadline8t64:amd64 8.2-6
2026-07-14 02:00:27 status installed libreadline8t64:amd64 8.2-6
2026-07-14 02:00:27 configure tcl:amd64 8.6.16 <none>
2026-07-14 02:00:27 status unpacked tcl:amd64 8.6.16
2026-07-14 02:00:27 status half-configured tcl:amd64 8.6.16
2026-07-14 02:00:27 status installed tcl:amd64 8.6.16
2026-07-14 02:00:27 configure gpgconf:amd64 2.4.7-21+deb13u1+b4 <none>
2026-07-14 02:00:27 status unpacked gpgconf:amd64 2.4.7-21+deb13u1+b4
2026-07-14 02:00:27 status half-configured gpgconf:amd64 2.4.7-21+deb13u1+b4
2026-07-14 02:00:27 status installed gpgconf:amd64 2.4.7-21+deb13u1+b4
2026-07-14 02:00:27 configure libc6-dev:amd64 2.41-12+deb13u3 <none>
2026-07-14 02:00:27 status unpacked libc6-dev:amd64 2.41-12+deb13u3
2026-07-14 02:00:27 status half-configured libc6-dev:amd64 2.41-12+deb13u3
2026-07-14 02:00:27 status installed libc6-dev:amd64 2.41-12+deb13u3
2026-07-14 02:00:27 configure libxss1:amd64 1:1.2.3-1+b3 <none>
2026-07-14 02:00:27 status unpacked libxss1:amd64 1:1.2.3-1+b3
2026-07-14 02:00:27 status half-configured libxss1:amd64 1:1.2.3-1+b3
2026-07-14 02:00:27 status installed libxss1:amd64 1:1.2.3-1+b3
2026-07-14 02:00:27 configure libfontconfig1:amd64 2.15.0-2.3 <none>
2026-07-14 02:00:27 status unpacked libfontconfig1:amd64 2.15.0-2.3
2026-07-14 02:00:27 status half-configured libfontconfig1:amd64 2.15.0-2.3
2026-07-14 02:00:27 status installed libfontconfig1:amd64 2.15.0-2.3
2026-07-14 02:00:27 configure libgdbm-dev:amd64 1.24-2 <none>
2026-07-14 02:00:27 status unpacked libgdbm-dev:amd64 1.24-2
2026-07-14 02:00:27 status half-configured libgdbm-dev:amd64 1.24-2
2026-07-14 02:00:27 status installed libgdbm-dev:amd64 1.24-2
2026-07-14 02:00:27 configure libgcc-14-dev:amd64 14.2.0-19 <none>
2026-07-14 02:00:27 status unpacked libgcc-14-dev:amd64 14.2.0-19
2026-07-14 02:00:27 status half-configured libgcc-14-dev:amd64 14.2.0-19
2026-07-14 02:00:27 status installed libgcc-14-dev:amd64 14.2.0-19
2026-07-14 02:00:28 configure gpg:amd64 2.4.7-21+deb13u1+b4 <none>
2026-07-14 02:00:28 status unpacked gpg:amd64 2.4.7-21+deb13u1+b4
2026-07-14 02:00:28 status half-configured gpg:amd64 2.4.7-21+deb13u1+b4
2026-07-14 02:00:28 status installed gpg:amd64 2.4.7-21+deb13u1+b4
2026-07-14 02:00:28 configure binutils-x86-64-linux-gnu:amd64 2.44-3 <none>
2026-07-14 02:00:28 status unpacked binutils-x86-64-linux-gnu:amd64 2.44-3
2026-07-14 02:00:28 status half-configured binutils-x86-64-linux-gnu:amd64 2.44-3
2026-07-14 02:00:28 status installed binutils-x86-64-linux-gnu:amd64 2.44-3
2026-07-14 02:00:28 configure libbz2-dev:amd64 1.0.8-6 <none>
2026-07-14 02:00:28 status unpacked libbz2-dev:amd64 1.0.8-6
2026-07-14 02:00:28 status half-configured libbz2-dev:amd64 1.0.8-6
2026-07-14 02:00:28 status installed libbz2-dev:amd64 1.0.8-6
2026-07-14 02:00:28 configure cpp-x86-64-linux-gnu:amd64 4:14.2.0-1 <none>
2026-07-14 02:00:28 status unpacked cpp-x86-64-linux-gnu:amd64 4:14.2.0-1
2026-07-14 02:00:28 status half-configured cpp-x86-64-linux-gnu:amd64 4:14.2.0-1
2026-07-14 02:00:28 status installed cpp-x86-64-linux-gnu:amd64 4:14.2.0-1
2026-07-14 02:00:28 configure libgnutls30t64:amd64 3.8.9-3+deb13u4 <none>
2026-07-14 02:00:28 status unpacked libgnutls30t64:amd64 3.8.9-3+deb13u4
2026-07-14 02:00:28 status half-configured libgnutls30t64:amd64 3.8.9-3+deb13u4
2026-07-14 02:00:28 status installed libgnutls30t64:amd64 3.8.9-3+deb13u4
2026-07-14 02:00:28 configure libxft2:amd64 2.3.6-1+b4 <none>
2026-07-14 02:00:28 status unpacked libxft2:amd64 2.3.6-1+b4
2026-07-14 02:00:28 status half-configured libxft2:amd64 2.3.6-1+b4
2026-07-14 02:00:28 status installed libxft2:amd64 2.3.6-1+b4
2026-07-14 02:00:28 configure libncurses-dev:amd64 6.5+20250216-2 <none>
2026-07-14 02:00:28 status unpacked libncurses-dev:amd64 6.5+20250216-2
2026-07-14 02:00:28 status half-configured libncurses-dev:amd64 6.5+20250216-2
2026-07-14 02:00:28 status installed libncurses-dev:amd64 6.5+20250216-2
2026-07-14 02:00:28 configure gpg-agent:amd64 2.4.7-21+deb13u1+b4 <none>
2026-07-14 02:00:28 status unpacked gpg-agent:amd64 2.4.7-21+deb13u1+b4
2026-07-14 02:00:28 status half-configured gpg-agent:amd64 2.4.7-21+deb13u1+b4
2026-07-14 02:00:28 status installed gpg-agent:amd64 2.4.7-21+deb13u1+b4
2026-07-14 02:00:28 configure libxcb1-dev:amd64 1.17.0-2+b1 <none>
2026-07-14 02:00:28 status unpacked libxcb1-dev:amd64 1.17.0-2+b1
2026-07-14 02:00:28 status half-configured libxcb1-dev:amd64 1.17.0-2+b1
2026-07-14 02:00:28 status installed libxcb1-dev:amd64 1.17.0-2+b1
2026-07-14 02:00:28 configure libtk8.6:amd64 8.6.16-1 <none>
2026-07-14 02:00:28 status unpacked libtk8.6:amd64 8.6.16-1
2026-07-14 02:00:28 status half-configured libtk8.6:amd64 8.6.16-1
2026-07-14 02:00:28 status installed libtk8.6:amd64 8.6.16-1
2026-07-14 02:00:28 configure gpgsm:amd64 2.4.7-21+deb13u1+b4 <none>
2026-07-14 02:00:28 status unpacked gpgsm:amd64 2.4.7-21+deb13u1+b4
2026-07-14 02:00:28 status half-configured gpgsm:amd64 2.4.7-21+deb13u1+b4
2026-07-14 02:00:28 status installed gpgsm:amd64 2.4.7-21+deb13u1+b4
2026-07-14 02:00:28 configure libpsl5t64:amd64 0.21.2-1.1+b1 <none>
2026-07-14 02:00:28 status unpacked libpsl5t64:amd64 0.21.2-1.1+b1
2026-07-14 02:00:28 status half-configured libpsl5t64:amd64 0.21.2-1.1+b1
2026-07-14 02:00:28 status installed libpsl5t64:amd64 0.21.2-1.1+b1
2026-07-14 02:00:28 configure libx11-dev:amd64 2:1.8.12-1 <none>
2026-07-14 02:00:28 status unpacked libx11-dev:amd64 2:1.8.12-1
2026-07-14 02:00:28 status half-configured libx11-dev:amd64 2:1.8.12-1
2026-07-14 02:00:28 status installed libx11-dev:amd64 2:1.8.12-1
2026-07-14 02:00:28 configure binutils:amd64 2.44-3 <none>
2026-07-14 02:00:28 status unpacked binutils:amd64 2.44-3
2026-07-14 02:00:28 status half-configured binutils:amd64 2.44-3
2026-07-14 02:00:28 status installed binutils:amd64 2.44-3
2026-07-14 02:00:28 configure libreadline-dev:amd64 8.2-6 <none>
2026-07-14 02:00:28 status unpacked libreadline-dev:amd64 8.2-6
2026-07-14 02:00:28 status half-configured libreadline-dev:amd64 8.2-6
2026-07-14 02:00:28 status installed libreadline-dev:amd64 8.2-6
2026-07-14 02:00:28 configure dpkg-dev:all 1.22.22 <none>
2026-07-14 02:00:28 status unpacked dpkg-dev:all 1.22.22
2026-07-14 02:00:28 status half-configured dpkg-dev:all 1.22.22
2026-07-14 02:00:28 status installed dpkg-dev:all 1.22.22
2026-07-14 02:00:28 configure dirmngr:amd64 2.4.7-21+deb13u1+b4 <none>
2026-07-14 02:00:28 status unpacked dirmngr:amd64 2.4.7-21+deb13u1+b4
2026-07-14 02:00:28 status half-configured dirmngr:amd64 2.4.7-21+deb13u1+b4
2026-07-14 02:00:28 status installed dirmngr:amd64 2.4.7-21+deb13u1+b4
2026-07-14 02:00:28 configure libexpat1-dev:amd64 2.7.1-2 <none>
2026-07-14 02:00:28 status unpacked libexpat1-dev:amd64 2.7.1-2
2026-07-14 02:00:28 status half-configured libexpat1-dev:amd64 2.7.1-2
2026-07-14 02:00:28 status installed libexpat1-dev:amd64 2.7.1-2
2026-07-14 02:00:28 configure libsqlite3-dev:amd64 3.46.1-7+deb13u1 <none>
2026-07-14 02:00:28 status unpacked libsqlite3-dev:amd64 3.46.1-7+deb13u1
2026-07-14 02:00:28 status half-configured libsqlite3-dev:amd64 3.46.1-7+deb13u1
2026-07-14 02:00:28 status installed libsqlite3-dev:amd64 3.46.1-7+deb13u1
2026-07-14 02:00:28 configure uuid-dev:amd64 2.41-5 <none>
2026-07-14 02:00:28 status unpacked uuid-dev:amd64 2.41-5
2026-07-14 02:00:28 status half-configured uuid-dev:amd64 2.41-5
2026-07-14 02:00:28 status installed uuid-dev:amd64 2.41-5
2026-07-14 02:00:28 configure libbluetooth-dev:amd64 5.82-1.1 <none>
2026-07-14 02:00:28 status unpacked libbluetooth-dev:amd64 5.82-1.1
2026-07-14 02:00:28 status half-configured libbluetooth-dev:amd64 5.82-1.1
2026-07-14 02:00:28 status installed libbluetooth-dev:amd64 5.82-1.1
2026-07-14 02:00:28 configure libxext-dev:amd64 2:1.3.4-1+b3 <none>
2026-07-14 02:00:28 status unpacked libxext-dev:amd64 2:1.3.4-1+b3
2026-07-14 02:00:28 status half-configured libxext-dev:amd64 2:1.3.4-1+b3
2026-07-14 02:00:28 status installed libxext-dev:amd64 2:1.3.4-1+b3
2026-07-14 02:00:28 configure zlib1g-dev:amd64 1:1.3.dfsg+really1.3.1-1+b1 <none>
2026-07-14 02:00:28 status unpacked zlib1g-dev:amd64 1:1.3.dfsg+really1.3.1-1+b1
2026-07-14 02:00:28 status half-configured zlib1g-dev:amd64 1:1.3.dfsg+really1.3.1-1+b1
2026-07-14 02:00:28 status installed zlib1g-dev:amd64 1:1.3.dfsg+really1.3.1-1+b1
2026-07-14 02:00:28 configure cpp:amd64 4:14.2.0-1 <none>
2026-07-14 02:00:28 status unpacked cpp:amd64 4:14.2.0-1
2026-07-14 02:00:28 status half-configured cpp:amd64 4:14.2.0-1
2026-07-14 02:00:28 status installed cpp:amd64 4:14.2.0-1
2026-07-14 02:00:28 configure gnupg:all 2.4.7-21+deb13u1 <none>
2026-07-14 02:00:28 status unpacked gnupg:all 2.4.7-21+deb13u1
2026-07-14 02:00:28 status half-configured gnupg:all 2.4.7-21+deb13u1
2026-07-14 02:00:28 status installed gnupg:all 2.4.7-21+deb13u1
2026-07-14 02:00:28 configure gcc-14-x86-64-linux-gnu:amd64 14.2.0-19 <none>
2026-07-14 02:00:28 status unpacked gcc-14-x86-64-linux-gnu:amd64 14.2.0-19
2026-07-14 02:00:28 status half-configured gcc-14-x86-64-linux-gnu:amd64 14.2.0-19
2026-07-14 02:00:28 status installed gcc-14-x86-64-linux-gnu:amd64 14.2.0-19
2026-07-14 02:00:28 configure libxrender-dev:amd64 1:0.9.12-1 <none>
2026-07-14 02:00:28 status unpacked libxrender-dev:amd64 1:0.9.12-1
2026-07-14 02:00:28 status half-configured libxrender-dev:amd64 1:0.9.12-1
2026-07-14 02:00:28 status installed libxrender-dev:amd64 1:0.9.12-1
2026-07-14 02:00:28 configure tk8.6:amd64 8.6.16-1 <none>
2026-07-14 02:00:28 status unpacked tk8.6:amd64 8.6.16-1
2026-07-14 02:00:28 status half-configured tk8.6:amd64 8.6.16-1
2026-07-14 02:00:28 status installed tk8.6:amd64 8.6.16-1
2026-07-14 02:00:29 configure wget:amd64 1.25.0-2 <none>
2026-07-14 02:00:29 status unpacked wget:amd64 1.25.0-2
2026-07-14 02:00:29 status half-configured wget:amd64 1.25.0-2
2026-07-14 02:00:29 status installed wget:amd64 1.25.0-2
2026-07-14 02:00:29 configure gcc-x86-64-linux-gnu:amd64 4:14.2.0-1 <none>
2026-07-14 02:00:29 status unpacked gcc-x86-64-linux-gnu:amd64 4:14.2.0-1
2026-07-14 02:00:29 status half-configured gcc-x86-64-linux-gnu:amd64 4:14.2.0-1
2026-07-14 02:00:29 status installed gcc-x86-64-linux-gnu:amd64 4:14.2.0-1
2026-07-14 02:00:29 configure tcl8.6-dev:amd64 8.6.16+dfsg-1 <none>
2026-07-14 02:00:29 status unpacked tcl8.6-dev:amd64 8.6.16+dfsg-1
2026-07-14 02:00:29 status half-configured tcl8.6-dev:amd64 8.6.16+dfsg-1
2026-07-14 02:00:29 status installed tcl8.6-dev:amd64 8.6.16+dfsg-1
2026-07-14 02:00:29 configure libpng-dev:amd64 1.6.48-1+deb13u5 <none>
2026-07-14 02:00:29 status unpacked libpng-dev:amd64 1.6.48-1+deb13u5
2026-07-14 02:00:29 status half-configured libpng-dev:amd64 1.6.48-1+deb13u5
2026-07-14 02:00:29 status installed libpng-dev:amd64 1.6.48-1+deb13u5
2026-07-14 02:00:29 configure libxss-dev:amd64 1:1.2.3-1+b3 <none>
2026-07-14 02:00:29 status unpacked libxss-dev:amd64 1:1.2.3-1+b3
2026-07-14 02:00:29 status half-configured libxss-dev:amd64 1:1.2.3-1+b3
2026-07-14 02:00:29 status installed libxss-dev:amd64 1:1.2.3-1+b3
2026-07-14 02:00:29 configure gcc-14:amd64 14.2.0-19 <none>
2026-07-14 02:00:29 status unpacked gcc-14:amd64 14.2.0-19
2026-07-14 02:00:29 status half-configured gcc-14:amd64 14.2.0-19
2026-07-14 02:00:29 status installed gcc-14:amd64 14.2.0-19
2026-07-14 02:00:29 configure libfreetype-dev:amd64 2.13.3+dfsg-1+deb13u1 <none>
2026-07-14 02:00:29 status unpacked libfreetype-dev:amd64 2.13.3+dfsg-1+deb13u1
2026-07-14 02:00:29 status half-configured libfreetype-dev:amd64 2.13.3+dfsg-1+deb13u1
2026-07-14 02:00:29 status installed libfreetype-dev:amd64 2.13.3+dfsg-1+deb13u1
2026-07-14 02:00:29 configure tcl-dev:amd64 8.6.16 <none>
2026-07-14 02:00:29 status unpacked tcl-dev:amd64 8.6.16
2026-07-14 02:00:29 status half-configured tcl-dev:amd64 8.6.16
2026-07-14 02:00:29 status installed tcl-dev:amd64 8.6.16
2026-07-14 02:00:29 configure tk:amd64 8.6.16 <none>
2026-07-14 02:00:29 status unpacked tk:amd64 8.6.16
2026-07-14 02:00:29 status half-configured tk:amd64 8.6.16
2026-07-14 02:00:29 status installed tk:amd64 8.6.16
2026-07-14 02:00:29 configure libfontconfig-dev:amd64 2.15.0-2.3 <none>
2026-07-14 02:00:29 status unpacked libfontconfig-dev:amd64 2.15.0-2.3
2026-07-14 02:00:29 status half-configured libfontconfig-dev:amd64 2.15.0-2.3
2026-07-14 02:00:29 status installed libfontconfig-dev:amd64 2.15.0-2.3
2026-07-14 02:00:29 configure gcc:amd64 4:14.2.0-1 <none>
2026-07-14 02:00:29 status unpacked gcc:amd64 4:14.2.0-1
2026-07-14 02:00:29 status half-configured gcc:amd64 4:14.2.0-1
2026-07-14 02:00:29 status installed gcc:amd64 4:14.2.0-1
2026-07-14 02:00:29 configure libxft-dev:amd64 2.3.6-1+b4 <none>
2026-07-14 02:00:29 status unpacked libxft-dev:amd64 2.3.6-1+b4
2026-07-14 02:00:29 status half-configured libxft-dev:amd64 2.3.6-1+b4
2026-07-14 02:00:29 status installed libxft-dev:amd64 2.3.6-1+b4
2026-07-14 02:00:29 configure libfontconfig1-dev:amd64 2.15.0-2.3 <none>
2026-07-14 02:00:29 status unpacked libfontconfig1-dev:amd64 2.15.0-2.3
2026-07-14 02:00:29 status half-configured libfontconfig1-dev:amd64 2.15.0-2.3
2026-07-14 02:00:29 status installed libfontconfig1-dev:amd64 2.15.0-2.3
2026-07-14 02:00:29 configure tk8.6-dev:amd64 8.6.16-1 <none>
2026-07-14 02:00:29 status unpacked tk8.6-dev:amd64 8.6.16-1
2026-07-14 02:00:29 status half-configured tk8.6-dev:amd64 8.6.16-1
2026-07-14 02:00:29 status installed tk8.6-dev:amd64 8.6.16-1
2026-07-14 02:00:29 configure tk-dev:amd64 8.6.16 <none>
2026-07-14 02:00:29 status unpacked tk-dev:amd64 8.6.16
2026-07-14 02:00:29 status half-configured tk-dev:amd64 8.6.16
2026-07-14 02:00:29 status installed tk-dev:amd64 8.6.16
2026-07-14 02:00:29 trigproc libc-bin:amd64 2.41-12+deb13u3 <none>
2026-07-14 02:00:29 status half-configured libc-bin:amd64 2.41-12+deb13u3
2026-07-14 02:00:29 status installed libc-bin:amd64 2.41-12+deb13u3
2026-07-14 02:10:59 startup packages remove
2026-07-14 02:10:59 status installed gcc:amd64 4:14.2.0-1
2026-07-14 02:10:59 remove gcc:amd64 4:14.2.0-1 <none>
2026-07-14 02:10:59 status half-configured gcc:amd64 4:14.2.0-1
2026-07-14 02:10:59 status half-installed gcc:amd64 4:14.2.0-1
2026-07-14 02:10:59 status config-files gcc:amd64 4:14.2.0-1
2026-07-14 02:10:59 status not-installed gcc:amd64 <none>
2026-07-14 02:10:59 status installed gcc-14:amd64 14.2.0-19
2026-07-14 02:10:59 remove gcc-14:amd64 14.2.0-19 <none>
2026-07-14 02:10:59 status half-configured gcc-14:amd64 14.2.0-19
2026-07-14 02:10:59 status half-installed gcc-14:amd64 14.2.0-19
2026-07-14 02:10:59 status config-files gcc-14:amd64 14.2.0-19
2026-07-14 02:10:59 status not-installed gcc-14:amd64 <none>
2026-07-14 02:10:59 status installed tk-dev:amd64 8.6.16
2026-07-14 02:10:59 remove tk-dev:amd64 8.6.16 <none>
2026-07-14 02:10:59 status half-configured tk-dev:amd64 8.6.16
2026-07-14 02:10:59 status half-installed tk-dev:amd64 8.6.16
2026-07-14 02:10:59 status config-files tk-dev:amd64 8.6.16
2026-07-14 02:10:59 status not-installed tk-dev:amd64 <none>
2026-07-14 02:10:59 status installed tk8.6-dev:amd64 8.6.16-1
2026-07-14 02:10:59 remove tk8.6-dev:amd64 8.6.16-1 <none>
2026-07-14 02:10:59 status half-configured tk8.6-dev:amd64 8.6.16-1
2026-07-14 02:10:59 status half-installed tk8.6-dev:amd64 8.6.16-1
2026-07-14 02:10:59 status config-files tk8.6-dev:amd64 8.6.16-1
2026-07-14 02:10:59 status not-installed tk8.6-dev:amd64 <none>
2026-07-14 02:10:59 status installed dpkg-dev:all 1.22.22
2026-07-14 02:10:59 status installed binutils:amd64 2.44-3
2026-07-14 02:10:59 status installed libgprofng0:amd64 2.44-3
2026-07-14 02:10:59 status installed gcc-x86-64-linux-gnu:amd64 4:14.2.0-1
2026-07-14 02:10:59 remove gcc-x86-64-linux-gnu:amd64 4:14.2.0-1 <none>
2026-07-14 02:10:59 status half-configured gcc-x86-64-linux-gnu:amd64 4:14.2.0-1
2026-07-14 02:10:59 status half-installed gcc-x86-64-linux-gnu:amd64 4:14.2.0-1
2026-07-14 02:10:59 status config-files gcc-x86-64-linux-gnu:amd64 4:14.2.0-1
2026-07-14 02:10:59 status not-installed gcc-x86-64-linux-gnu:amd64 <none>
2026-07-14 02:10:59 status installed gcc-14-x86-64-linux-gnu:amd64 14.2.0-19
2026-07-14 02:10:59 remove gcc-14-x86-64-linux-gnu:amd64 14.2.0-19 <none>
2026-07-14 02:10:59 status half-configured gcc-14-x86-64-linux-gnu:amd64 14.2.0-19
2026-07-14 02:10:59 status half-installed gcc-14-x86-64-linux-gnu:amd64 14.2.0-19
2026-07-14 02:10:59 status config-files gcc-14-x86-64-linux-gnu:amd64 14.2.0-19
2026-07-14 02:10:59 status not-installed gcc-14-x86-64-linux-gnu:amd64 <none>
2026-07-14 02:10:59 status installed binutils-x86-64-linux-gnu:amd64 2.44-3
2026-07-14 02:10:59 status installed libctf0:amd64 2.44-3
2026-07-14 02:10:59 status installed libbinutils:amd64 2.44-3
2026-07-14 02:10:59 status installed binutils-common:amd64 2.44-3
2026-07-14 02:10:59 status installed bzip2:amd64 1.0.8-6
2026-07-14 02:10:59 status installed cpp:amd64 4:14.2.0-1
2026-07-14 02:10:59 remove cpp:amd64 4:14.2.0-1 <none>
2026-07-14 02:10:59 status half-configured cpp:amd64 4:14.2.0-1
2026-07-14 02:10:59 status half-installed cpp:amd64 4:14.2.0-1
2026-07-14 02:10:59 status config-files cpp:amd64 4:14.2.0-1
2026-07-14 02:10:59 status installed cpp-14:amd64 14.2.0-19
2026-07-14 02:10:59 remove cpp-14:amd64 14.2.0-19 <none>
2026-07-14 02:10:59 status half-configured cpp-14:amd64 14.2.0-19
2026-07-14 02:10:59 status half-installed cpp-14:amd64 14.2.0-19
2026-07-14 02:10:59 status config-files cpp-14:amd64 14.2.0-19
2026-07-14 02:10:59 status not-installed cpp-14:amd64 <none>
2026-07-14 02:10:59 status installed cpp-x86-64-linux-gnu:amd64 4:14.2.0-1
2026-07-14 02:10:59 remove cpp-x86-64-linux-gnu:amd64 4:14.2.0-1 <none>
2026-07-14 02:10:59 status half-configured cpp-x86-64-linux-gnu:amd64 4:14.2.0-1
2026-07-14 02:10:59 status half-installed cpp-x86-64-linux-gnu:amd64 4:14.2.0-1
2026-07-14 02:10:59 status config-files cpp-x86-64-linux-gnu:amd64 4:14.2.0-1
2026-07-14 02:10:59 status not-installed cpp-x86-64-linux-gnu:amd64 <none>
2026-07-14 02:10:59 status installed cpp-14-x86-64-linux-gnu:amd64 14.2.0-19
2026-07-14 02:10:59 remove cpp-14-x86-64-linux-gnu:amd64 14.2.0-19 <none>
2026-07-14 02:10:59 status half-configured cpp-14-x86-64-linux-gnu:amd64 14.2.0-19
2026-07-14 02:10:59 status half-installed cpp-14-x86-64-linux-gnu:amd64 14.2.0-19
2026-07-14 02:10:59 status config-files cpp-14-x86-64-linux-gnu:amd64 14.2.0-19
2026-07-14 02:10:59 status not-installed cpp-14-x86-64-linux-gnu:amd64 <none>
2026-07-14 02:10:59 status installed gnupg:all 2.4.7-21+deb13u1
2026-07-14 02:10:59 remove gnupg:all 2.4.7-21+deb13u1 <none>
2026-07-14 02:10:59 status half-configured gnupg:all 2.4.7-21+deb13u1
2026-07-14 02:10:59 status half-installed gnupg:all 2.4.7-21+deb13u1
2026-07-14 02:10:59 status config-files gnupg:all 2.4.7-21+deb13u1
2026-07-14 02:10:59 status not-installed gnupg:all <none>
2026-07-14 02:10:59 status installed dirmngr:amd64 2.4.7-21+deb13u1+b4
2026-07-14 02:10:59 remove dirmngr:amd64 2.4.7-21+deb13u1+b4 <none>
2026-07-14 02:10:59 status half-configured dirmngr:amd64 2.4.7-21+deb13u1+b4
2026-07-14 02:10:59 status half-installed dirmngr:amd64 2.4.7-21+deb13u1+b4
2026-07-14 02:10:59 status config-files dirmngr:amd64 2.4.7-21+deb13u1+b4
2026-07-14 02:10:59 status installed libxft-dev:amd64 2.3.6-1+b4
2026-07-14 02:10:59 remove libxft-dev:amd64 2.3.6-1+b4 <none>
2026-07-14 02:10:59 status half-configured libxft-dev:amd64 2.3.6-1+b4
2026-07-14 02:10:59 status half-installed libxft-dev:amd64 2.3.6-1+b4
2026-07-14 02:10:59 status config-files libxft-dev:amd64 2.3.6-1+b4
2026-07-14 02:10:59 status not-installed libxft-dev:amd64 <none>
2026-07-14 02:10:59 status installed tk:amd64 8.6.16
2026-07-14 02:10:59 remove tk:amd64 8.6.16 <none>
2026-07-14 02:10:59 status half-configured tk:amd64 8.6.16
2026-07-14 02:10:59 status half-installed tk:amd64 8.6.16
2026-07-14 02:10:59 status config-files tk:amd64 8.6.16
2026-07-14 02:10:59 status not-installed tk:amd64 <none>
2026-07-14 02:10:59 status installed tk8.6:amd64 8.6.16-1
2026-07-14 02:10:59 remove tk8.6:amd64 8.6.16-1 <none>
2026-07-14 02:10:59 status half-configured tk8.6:amd64 8.6.16-1
2026-07-14 02:10:59 status half-installed tk8.6:amd64 8.6.16-1
2026-07-14 02:10:59 status config-files tk8.6:amd64 8.6.16-1
2026-07-14 02:10:59 status not-installed tk8.6:amd64 <none>
2026-07-14 02:10:59 status installed libtk8.6:amd64 8.6.16-1
2026-07-14 02:10:59 remove libtk8.6:amd64 8.6.16-1 <none>
2026-07-14 02:10:59 status triggers-pending libc-bin:amd64 2.41-12+deb13u3
2026-07-14 02:10:59 status half-configured libtk8.6:amd64 8.6.16-1
2026-07-14 02:10:59 status half-installed libtk8.6:amd64 8.6.16-1
2026-07-14 02:10:59 status config-files libtk8.6:amd64 8.6.16-1
2026-07-14 02:10:59 status not-installed libtk8.6:amd64 <none>
2026-07-14 02:10:59 status installed libxft2:amd64 2.3.6-1+b4
2026-07-14 02:10:59 remove libxft2:amd64 2.3.6-1+b4 <none>
2026-07-14 02:10:59 status half-configured libxft2:amd64 2.3.6-1+b4
2026-07-14 02:10:59 status half-installed libxft2:amd64 2.3.6-1+b4
2026-07-14 02:10:59 status config-files libxft2:amd64 2.3.6-1+b4
2026-07-14 02:10:59 status not-installed libxft2:amd64 <none>
2026-07-14 02:10:59 status installed libfontconfig1-dev:amd64 2.15.0-2.3
2026-07-14 02:10:59 remove libfontconfig1-dev:amd64 2.15.0-2.3 <none>
2026-07-14 02:10:59 status half-configured libfontconfig1-dev:amd64 2.15.0-2.3
2026-07-14 02:10:59 status half-installed libfontconfig1-dev:amd64 2.15.0-2.3
2026-07-14 02:10:59 status config-files libfontconfig1-dev:amd64 2.15.0-2.3
2026-07-14 02:10:59 status not-installed libfontconfig1-dev:amd64 <none>
2026-07-14 02:10:59 status installed libfontconfig-dev:amd64 2.15.0-2.3
2026-07-14 02:10:59 remove libfontconfig-dev:amd64 2.15.0-2.3 <none>
2026-07-14 02:10:59 status half-configured libfontconfig-dev:amd64 2.15.0-2.3
2026-07-14 02:10:59 status half-installed libfontconfig-dev:amd64 2.15.0-2.3
2026-07-14 02:10:59 status config-files libfontconfig-dev:amd64 2.15.0-2.3
2026-07-14 02:10:59 status not-installed libfontconfig-dev:amd64 <none>
2026-07-14 02:10:59 status installed libfontconfig1:amd64 2.15.0-2.3
2026-07-14 02:10:59 remove libfontconfig1:amd64 2.15.0-2.3 <none>
2026-07-14 02:10:59 status half-configured libfontconfig1:amd64 2.15.0-2.3
2026-07-14 02:10:59 status half-installed libfontconfig1:amd64 2.15.0-2.3
2026-07-14 02:10:59 status config-files libfontconfig1:amd64 2.15.0-2.3
2026-07-14 02:10:59 status not-installed libfontconfig1:amd64 <none>
2026-07-14 02:10:59 status installed fontconfig-config:amd64 2.15.0-2.3
2026-07-14 02:10:59 remove fontconfig-config:amd64 2.15.0-2.3 <none>
2026-07-14 02:10:59 status half-configured fontconfig-config:amd64 2.15.0-2.3
2026-07-14 02:10:59 status half-installed fontconfig-config:amd64 2.15.0-2.3
2026-07-14 02:10:59 status config-files fontconfig-config:amd64 2.15.0-2.3
2026-07-14 02:10:59 status installed fonts-dejavu-core:all 2.37-8
2026-07-14 02:10:59 remove fonts-dejavu-core:all 2.37-8 <none>
2026-07-14 02:10:59 status half-configured fonts-dejavu-core:all 2.37-8
2026-07-14 02:10:59 status half-installed fonts-dejavu-core:all 2.37-8
2026-07-14 02:10:59 status config-files fonts-dejavu-core:all 2.37-8
2026-07-14 02:10:59 status installed fonts-dejavu-mono:all 2.37-8
2026-07-14 02:10:59 remove fonts-dejavu-mono:all 2.37-8 <none>
2026-07-14 02:10:59 status half-configured fonts-dejavu-mono:all 2.37-8
2026-07-14 02:10:59 status half-installed fonts-dejavu-mono:all 2.37-8
2026-07-14 02:10:59 status config-files fonts-dejavu-mono:all 2.37-8
2026-07-14 02:10:59 status installed gnupg-l10n:all 2.4.7-21+deb13u1
2026-07-14 02:10:59 remove gnupg-l10n:all 2.4.7-21+deb13u1 <none>
2026-07-14 02:10:59 status half-configured gnupg-l10n:all 2.4.7-21+deb13u1
2026-07-14 02:10:59 status half-installed gnupg-l10n:all 2.4.7-21+deb13u1
2026-07-14 02:10:59 status config-files gnupg-l10n:all 2.4.7-21+deb13u1
2026-07-14 02:11:00 status not-installed gnupg-l10n:all <none>
2026-07-14 02:11:00 status installed gpg:amd64 2.4.7-21+deb13u1+b4
2026-07-14 02:11:00 remove gpg:amd64 2.4.7-21+deb13u1+b4 <none>
2026-07-14 02:11:00 status half-configured gpg:amd64 2.4.7-21+deb13u1+b4
2026-07-14 02:11:00 status half-installed gpg:amd64 2.4.7-21+deb13u1+b4
2026-07-14 02:11:00 status config-files gpg:amd64 2.4.7-21+deb13u1+b4
2026-07-14 02:11:00 status installed gpg-agent:amd64 2.4.7-21+deb13u1+b4
2026-07-14 02:11:00 remove gpg-agent:amd64 2.4.7-21+deb13u1+b4 <none>
2026-07-14 02:11:00 status half-configured gpg-agent:amd64 2.4.7-21+deb13u1+b4
2026-07-14 02:11:00 status half-installed gpg-agent:amd64 2.4.7-21+deb13u1+b4
2026-07-14 02:11:00 status config-files gpg-agent:amd64 2.4.7-21+deb13u1+b4
2026-07-14 02:11:00 status installed gpgsm:amd64 2.4.7-21+deb13u1+b4
2026-07-14 02:11:00 remove gpgsm:amd64 2.4.7-21+deb13u1+b4 <none>
2026-07-14 02:11:00 status half-configured gpgsm:amd64 2.4.7-21+deb13u1+b4
2026-07-14 02:11:00 status half-installed gpgsm:amd64 2.4.7-21+deb13u1+b4
2026-07-14 02:11:00 status config-files gpgsm:amd64 2.4.7-21+deb13u1+b4
2026-07-14 02:11:00 status not-installed gpgsm:amd64 <none>
2026-07-14 02:11:00 status installed gpgconf:amd64 2.4.7-21+deb13u1+b4
2026-07-14 02:11:00 remove gpgconf:amd64 2.4.7-21+deb13u1+b4 <none>
2026-07-14 02:11:00 status half-configured gpgconf:amd64 2.4.7-21+deb13u1+b4
2026-07-14 02:11:00 status half-installed gpgconf:amd64 2.4.7-21+deb13u1+b4
2026-07-14 02:11:00 status config-files gpgconf:amd64 2.4.7-21+deb13u1+b4
2026-07-14 02:11:00 status not-installed gpgconf:amd64 <none>
2026-07-14 02:11:00 status installed libgcc-14-dev:amd64 14.2.0-19
2026-07-14 02:11:00 remove libgcc-14-dev:amd64 14.2.0-19 <none>
2026-07-14 02:11:00 status half-configured libgcc-14-dev:amd64 14.2.0-19
2026-07-14 02:11:00 status half-installed libgcc-14-dev:amd64 14.2.0-19
2026-07-14 02:11:00 status config-files libgcc-14-dev:amd64 14.2.0-19
2026-07-14 02:11:00 status not-installed libgcc-14-dev:amd64 <none>
2026-07-14 02:11:00 status installed libasan8:amd64 14.2.0-19
2026-07-14 02:11:00 remove libasan8:amd64 14.2.0-19 <none>
2026-07-14 02:11:00 status half-configured libasan8:amd64 14.2.0-19
2026-07-14 02:11:00 status half-installed libasan8:amd64 14.2.0-19
2026-07-14 02:11:00 status config-files libasan8:amd64 14.2.0-19
2026-07-14 02:11:00 status not-installed libasan8:amd64 <none>
2026-07-14 02:11:00 status installed pinentry-curses:amd64 1.3.1-2
2026-07-14 02:11:00 remove pinentry-curses:amd64 1.3.1-2 <none>
2026-07-14 02:11:00 status half-configured pinentry-curses:amd64 1.3.1-2
2026-07-14 02:11:00 status half-installed pinentry-curses:amd64 1.3.1-2
2026-07-14 02:11:00 status config-files pinentry-curses:amd64 1.3.1-2
2026-07-14 02:11:00 status not-installed pinentry-curses:amd64 <none>
2026-07-14 02:11:00 status installed libassuan9:amd64 3.0.2-2
2026-07-14 02:11:00 remove libassuan9:amd64 3.0.2-2 <none>
2026-07-14 02:11:00 status half-configured libassuan9:amd64 3.0.2-2
2026-07-14 02:11:00 status half-installed libassuan9:amd64 3.0.2-2
2026-07-14 02:11:00 status config-files libassuan9:amd64 3.0.2-2
2026-07-14 02:11:00 status not-installed libassuan9:amd64 <none>
2026-07-14 02:11:00 status installed libatomic1:amd64 14.2.0-19
2026-07-14 02:11:00 remove libatomic1:amd64 14.2.0-19 <none>
2026-07-14 02:11:00 status half-configured libatomic1:amd64 14.2.0-19
2026-07-14 02:11:00 status half-installed libatomic1:amd64 14.2.0-19
2026-07-14 02:11:00 status config-files libatomic1:amd64 14.2.0-19
2026-07-14 02:11:00 status not-installed libatomic1:amd64 <none>
2026-07-14 02:11:00 status installed libbluetooth-dev:amd64 5.82-1.1
2026-07-14 02:11:00 remove libbluetooth-dev:amd64 5.82-1.1 <none>
2026-07-14 02:11:00 status half-configured libbluetooth-dev:amd64 5.82-1.1
2026-07-14 02:11:00 status half-installed libbluetooth-dev:amd64 5.82-1.1
2026-07-14 02:11:00 status config-files libbluetooth-dev:amd64 5.82-1.1
2026-07-14 02:11:00 status not-installed libbluetooth-dev:amd64 <none>
2026-07-14 02:11:00 status installed libbluetooth3:amd64 5.82-1.1
2026-07-14 02:11:00 remove libbluetooth3:amd64 5.82-1.1 <none>
2026-07-14 02:11:00 status half-configured libbluetooth3:amd64 5.82-1.1
2026-07-14 02:11:00 status half-installed libbluetooth3:amd64 5.82-1.1
2026-07-14 02:11:00 status config-files libbluetooth3:amd64 5.82-1.1
2026-07-14 02:11:00 status not-installed libbluetooth3:amd64 <none>
2026-07-14 02:11:00 status installed libfreetype-dev:amd64 2.13.3+dfsg-1+deb13u1
2026-07-14 02:11:00 remove libfreetype-dev:amd64 2.13.3+dfsg-1+deb13u1 <none>
2026-07-14 02:11:00 status half-configured libfreetype-dev:amd64 2.13.3+dfsg-1+deb13u1
2026-07-14 02:11:00 status half-installed libfreetype-dev:amd64 2.13.3+dfsg-1+deb13u1
2026-07-14 02:11:00 status config-files libfreetype-dev:amd64 2.13.3+dfsg-1+deb13u1
2026-07-14 02:11:00 status not-installed libfreetype-dev:amd64 <none>
2026-07-14 02:11:00 status installed libbrotli-dev:amd64 1.1.0-2+b7
2026-07-14 02:11:00 remove libbrotli-dev:amd64 1.1.0-2+b7 <none>
2026-07-14 02:11:00 status half-configured libbrotli-dev:amd64 1.1.0-2+b7
2026-07-14 02:11:00 status half-installed libbrotli-dev:amd64 1.1.0-2+b7
2026-07-14 02:11:00 status config-files libbrotli-dev:amd64 1.1.0-2+b7
2026-07-14 02:11:00 status not-installed libbrotli-dev:amd64 <none>
2026-07-14 02:11:00 status installed libfreetype6:amd64 2.13.3+dfsg-1+deb13u1
2026-07-14 02:11:00 remove libfreetype6:amd64 2.13.3+dfsg-1+deb13u1 <none>
2026-07-14 02:11:00 status half-configured libfreetype6:amd64 2.13.3+dfsg-1+deb13u1
2026-07-14 02:11:00 status half-installed libfreetype6:amd64 2.13.3+dfsg-1+deb13u1
2026-07-14 02:11:00 status config-files libfreetype6:amd64 2.13.3+dfsg-1+deb13u1
2026-07-14 02:11:00 status not-installed libfreetype6:amd64 <none>
2026-07-14 02:11:00 status installed libbrotli1:amd64 1.1.0-2+b7
2026-07-14 02:11:00 remove libbrotli1:amd64 1.1.0-2+b7 <none>
2026-07-14 02:11:00 status half-configured libbrotli1:amd64 1.1.0-2+b7
2026-07-14 02:11:00 status half-installed libbrotli1:amd64 1.1.0-2+b7
2026-07-14 02:11:00 status config-files libbrotli1:amd64 1.1.0-2+b7
2026-07-14 02:11:00 status not-installed libbrotli1:amd64 <none>
2026-07-14 02:11:00 status installed libbz2-dev:amd64 1.0.8-6
2026-07-14 02:11:00 remove libbz2-dev:amd64 1.0.8-6 <none>
2026-07-14 02:11:00 status half-configured libbz2-dev:amd64 1.0.8-6
2026-07-14 02:11:00 status half-installed libbz2-dev:amd64 1.0.8-6
2026-07-14 02:11:00 status config-files libbz2-dev:amd64 1.0.8-6
2026-07-14 02:11:00 status not-installed libbz2-dev:amd64 <none>
2026-07-14 02:11:00 status installed tcl-dev:amd64 8.6.16
2026-07-14 02:11:00 remove tcl-dev:amd64 8.6.16 <none>
2026-07-14 02:11:00 status half-configured tcl-dev:amd64 8.6.16
2026-07-14 02:11:00 status half-installed tcl-dev:amd64 8.6.16
2026-07-14 02:11:00 status config-files tcl-dev:amd64 8.6.16
2026-07-14 02:11:00 status not-installed tcl-dev:amd64 <none>
2026-07-14 02:11:00 status installed tcl8.6-dev:amd64 8.6.16+dfsg-1
2026-07-14 02:11:00 remove tcl8.6-dev:amd64 8.6.16+dfsg-1 <none>
2026-07-14 02:11:00 status half-configured tcl8.6-dev:amd64 8.6.16+dfsg-1
2026-07-14 02:11:00 status half-installed tcl8.6-dev:amd64 8.6.16+dfsg-1
2026-07-14 02:11:00 status config-files tcl8.6-dev:amd64 8.6.16+dfsg-1
2026-07-14 02:11:00 status not-installed tcl8.6-dev:amd64 <none>
2026-07-14 02:11:00 status installed libpng-dev:amd64 1.6.48-1+deb13u5
2026-07-14 02:11:00 remove libpng-dev:amd64 1.6.48-1+deb13u5 <none>
2026-07-14 02:11:00 status half-configured libpng-dev:amd64 1.6.48-1+deb13u5
2026-07-14 02:11:00 status half-installed libpng-dev:amd64 1.6.48-1+deb13u5
2026-07-14 02:11:00 status config-files libpng-dev:amd64 1.6.48-1+deb13u5
2026-07-14 02:11:00 status not-installed libpng-dev:amd64 <none>
2026-07-14 02:11:00 status installed zlib1g-dev:amd64 1:1.3.dfsg+really1.3.1-1+b1
2026-07-14 02:11:00 remove zlib1g-dev:amd64 1:1.3.dfsg+really1.3.1-1+b1 <none>
2026-07-14 02:11:00 status half-configured zlib1g-dev:amd64 1:1.3.dfsg+really1.3.1-1+b1
2026-07-14 02:11:00 status half-installed zlib1g-dev:amd64 1:1.3.dfsg+really1.3.1-1+b1
2026-07-14 02:11:00 status config-files zlib1g-dev:amd64 1:1.3.dfsg+really1.3.1-1+b1
2026-07-14 02:11:00 status not-installed zlib1g-dev:amd64 <none>
2026-07-14 02:11:00 status installed uuid-dev:amd64 2.41-5
2026-07-14 02:11:00 remove uuid-dev:amd64 2.41-5 <none>
2026-07-14 02:11:00 status half-configured uuid-dev:amd64 2.41-5
2026-07-14 02:11:00 status half-installed uuid-dev:amd64 2.41-5
2026-07-14 02:11:00 status config-files uuid-dev:amd64 2.41-5
2026-07-14 02:11:00 status not-installed uuid-dev:amd64 <none>
2026-07-14 02:11:00 status installed libreadline-dev:amd64 8.2-6
2026-07-14 02:11:00 remove libreadline-dev:amd64 8.2-6 <none>
2026-07-14 02:11:00 status half-configured libreadline-dev:amd64 8.2-6
2026-07-14 02:11:00 status half-installed libreadline-dev:amd64 8.2-6
2026-07-14 02:11:00 status config-files libreadline-dev:amd64 8.2-6
2026-07-14 02:11:00 status not-installed libreadline-dev:amd64 <none>
2026-07-14 02:11:00 status installed libncurses-dev:amd64 6.5+20250216-2
2026-07-14 02:11:00 remove libncurses-dev:amd64 6.5+20250216-2 <none>
2026-07-14 02:11:00 status half-configured libncurses-dev:amd64 6.5+20250216-2
2026-07-14 02:11:00 status half-installed libncurses-dev:amd64 6.5+20250216-2
2026-07-14 02:11:01 status config-files libncurses-dev:amd64 6.5+20250216-2
2026-07-14 02:11:01 status not-installed libncurses-dev:amd64 <none>
2026-07-14 02:11:01 status installed libsqlite3-dev:amd64 3.46.1-7+deb13u1
2026-07-14 02:11:01 remove libsqlite3-dev:amd64 3.46.1-7+deb13u1 <none>
2026-07-14 02:11:01 status half-configured libsqlite3-dev:amd64 3.46.1-7+deb13u1
2026-07-14 02:11:01 status half-installed libsqlite3-dev:amd64 3.46.1-7+deb13u1
2026-07-14 02:11:01 status config-files libsqlite3-dev:amd64 3.46.1-7+deb13u1
2026-07-14 02:11:01 status not-installed libsqlite3-dev:amd64 <none>
2026-07-14 02:11:01 status installed libc6-dev:amd64 2.41-12+deb13u3
2026-07-14 02:11:01 status installed libc-dev-bin:amd64 2.41-12+deb13u3
2026-07-14 02:11:01 status installed libcc1-0:amd64 14.2.0-19
2026-07-14 02:11:01 remove libcc1-0:amd64 14.2.0-19 <none>
2026-07-14 02:11:01 status half-configured libcc1-0:amd64 14.2.0-19
2026-07-14 02:11:01 status half-installed libcc1-0:amd64 14.2.0-19
2026-07-14 02:11:01 status config-files libcc1-0:amd64 14.2.0-19
2026-07-14 02:11:01 status not-installed libcc1-0:amd64 <none>
2026-07-14 02:11:01 status installed libcrypt-dev:amd64 1:4.4.38-1
2026-07-14 02:11:01 status installed libctf-nobfd0:amd64 2.44-3
2026-07-14 02:11:01 status installed libdb-dev:amd64 5.3.4
2026-07-14 02:11:01 remove libdb-dev:amd64 5.3.4 <none>
2026-07-14 02:11:01 status half-configured libdb-dev:amd64 5.3.4
2026-07-14 02:11:01 status half-installed libdb-dev:amd64 5.3.4
2026-07-14 02:11:01 status config-files libdb-dev:amd64 5.3.4
2026-07-14 02:11:01 status not-installed libdb-dev:amd64 <none>
2026-07-14 02:11:01 status installed libdb5.3-dev:amd64 5.3.28+dfsg2-9
2026-07-14 02:11:01 remove libdb5.3-dev:amd64 5.3.28+dfsg2-9 <none>
2026-07-14 02:11:01 status half-configured libdb5.3-dev:amd64 5.3.28+dfsg2-9
2026-07-14 02:11:01 status half-installed libdb5.3-dev:amd64 5.3.28+dfsg2-9
2026-07-14 02:11:01 status config-files libdb5.3-dev:amd64 5.3.28+dfsg2-9
2026-07-14 02:11:01 status not-installed libdb5.3-dev:amd64 <none>
2026-07-14 02:11:01 status installed libdpkg-perl:all 1.22.22
2026-07-14 02:11:01 status installed libexpat1-dev:amd64 2.7.1-2
2026-07-14 02:11:01 remove libexpat1-dev:amd64 2.7.1-2 <none>
2026-07-14 02:11:01 status half-configured libexpat1-dev:amd64 2.7.1-2
2026-07-14 02:11:01 status half-installed libexpat1-dev:amd64 2.7.1-2
2026-07-14 02:11:01 status config-files libexpat1-dev:amd64 2.7.1-2
2026-07-14 02:11:01 status not-installed libexpat1-dev:amd64 <none>
2026-07-14 02:11:01 status installed libexpat1:amd64 2.7.1-2
2026-07-14 02:11:01 remove libexpat1:amd64 2.7.1-2 <none>
2026-07-14 02:11:01 status half-configured libexpat1:amd64 2.7.1-2
2026-07-14 02:11:01 status half-installed libexpat1:amd64 2.7.1-2
2026-07-14 02:11:01 status config-files libexpat1:amd64 2.7.1-2
2026-07-14 02:11:01 status not-installed libexpat1:amd64 <none>
2026-07-14 02:11:01 status installed libffi-dev:amd64 3.4.8-2
2026-07-14 02:11:01 remove libffi-dev:amd64 3.4.8-2 <none>
2026-07-14 02:11:01 status half-configured libffi-dev:amd64 3.4.8-2
2026-07-14 02:11:01 status half-installed libffi-dev:amd64 3.4.8-2
2026-07-14 02:11:01 status config-files libffi-dev:amd64 3.4.8-2
2026-07-14 02:11:01 status not-installed libffi-dev:amd64 <none>
2026-07-14 02:11:01 status installed libgcrypt20:amd64 1.11.0-7+deb13u1
2026-07-14 02:11:01 remove libgcrypt20:amd64 1.11.0-7+deb13u1 <none>
2026-07-14 02:11:01 status half-configured libgcrypt20:amd64 1.11.0-7+deb13u1
2026-07-14 02:11:01 status half-installed libgcrypt20:amd64 1.11.0-7+deb13u1
2026-07-14 02:11:01 status config-files libgcrypt20:amd64 1.11.0-7+deb13u1
2026-07-14 02:11:01 status not-installed libgcrypt20:amd64 <none>
2026-07-14 02:11:01 status installed perl:amd64 5.40.1-6
2026-07-14 02:11:01 status installed libperl5.40:amd64 5.40.1-6
2026-07-14 02:11:01 status installed libgdbm-compat4t64:amd64 1.24-2
2026-07-14 02:11:01 status installed libgdbm-dev:amd64 1.24-2
2026-07-14 02:11:01 remove libgdbm-dev:amd64 1.24-2 <none>
2026-07-14 02:11:01 status half-configured libgdbm-dev:amd64 1.24-2
2026-07-14 02:11:01 status half-installed libgdbm-dev:amd64 1.24-2
2026-07-14 02:11:01 status config-files libgdbm-dev:amd64 1.24-2
2026-07-14 02:11:01 status not-installed libgdbm-dev:amd64 <none>
2026-07-14 02:11:01 status installed wget:amd64 1.25.0-2
2026-07-14 02:11:01 remove wget:amd64 1.25.0-2 <none>
2026-07-14 02:11:01 status half-configured wget:amd64 1.25.0-2
2026-07-14 02:11:01 status half-installed wget:amd64 1.25.0-2
2026-07-14 02:11:01 status config-files wget:amd64 1.25.0-2
2026-07-14 02:11:01 status installed libgnutls30t64:amd64 3.8.9-3+deb13u4
2026-07-14 02:11:01 remove libgnutls30t64:amd64 3.8.9-3+deb13u4 <none>
2026-07-14 02:11:01 status half-configured libgnutls30t64:amd64 3.8.9-3+deb13u4
2026-07-14 02:11:01 status half-installed libgnutls30t64:amd64 3.8.9-3+deb13u4
2026-07-14 02:11:01 status config-files libgnutls30t64:amd64 3.8.9-3+deb13u4
2026-07-14 02:11:01 status not-installed libgnutls30t64:amd64 <none>
2026-07-14 02:11:01 status installed libgomp1:amd64 14.2.0-19
2026-07-14 02:11:01 remove libgomp1:amd64 14.2.0-19 <none>
2026-07-14 02:11:01 status half-configured libgomp1:amd64 14.2.0-19
2026-07-14 02:11:01 status half-installed libgomp1:amd64 14.2.0-19
2026-07-14 02:11:01 status config-files libgomp1:amd64 14.2.0-19
2026-07-14 02:11:01 status not-installed libgomp1:amd64 <none>
2026-07-14 02:11:01 status installed libksba8:amd64 1.6.7-2+b1
2026-07-14 02:11:01 remove libksba8:amd64 1.6.7-2+b1 <none>
2026-07-14 02:11:01 status half-configured libksba8:amd64 1.6.7-2+b1
2026-07-14 02:11:01 status half-installed libksba8:amd64 1.6.7-2+b1
2026-07-14 02:11:01 status config-files libksba8:amd64 1.6.7-2+b1
2026-07-14 02:11:01 status not-installed libksba8:amd64 <none>
2026-07-14 02:11:01 status installed libgpg-error0:amd64 1.51-4
2026-07-14 02:11:01 remove libgpg-error0:amd64 1.51-4 <none>
2026-07-14 02:11:01 status half-configured libgpg-error0:amd64 1.51-4
2026-07-14 02:11:01 status half-installed libgpg-error0:amd64 1.51-4
2026-07-14 02:11:01 status config-files libgpg-error0:amd64 1.51-4
2026-07-14 02:11:01 status not-installed libgpg-error0:amd64 <none>
2026-07-14 02:11:01 status installed libhwasan0:amd64 14.2.0-19
2026-07-14 02:11:01 remove libhwasan0:amd64 14.2.0-19 <none>
2026-07-14 02:11:01 status half-configured libhwasan0:amd64 14.2.0-19
2026-07-14 02:11:01 status half-installed libhwasan0:amd64 14.2.0-19
2026-07-14 02:11:01 status config-files libhwasan0:amd64 14.2.0-19
2026-07-14 02:11:01 status not-installed libhwasan0:amd64 <none>
2026-07-14 02:11:01 status installed libpsl5t64:amd64 0.21.2-1.1+b1
2026-07-14 02:11:01 remove libpsl5t64:amd64 0.21.2-1.1+b1 <none>
2026-07-14 02:11:01 status half-configured libpsl5t64:amd64 0.21.2-1.1+b1
2026-07-14 02:11:01 status half-installed libpsl5t64:amd64 0.21.2-1.1+b1
2026-07-14 02:11:01 status config-files libpsl5t64:amd64 0.21.2-1.1+b1
2026-07-14 02:11:01 status not-installed libpsl5t64:amd64 <none>
2026-07-14 02:11:01 status installed libidn2-0:amd64 2.3.8-2
2026-07-14 02:11:01 remove libidn2-0:amd64 2.3.8-2 <none>
2026-07-14 02:11:01 status half-configured libidn2-0:amd64 2.3.8-2
2026-07-14 02:11:01 status half-installed libidn2-0:amd64 2.3.8-2
2026-07-14 02:11:01 status config-files libidn2-0:amd64 2.3.8-2
2026-07-14 02:11:01 status not-installed libidn2-0:amd64 <none>
2026-07-14 02:11:01 status installed libisl23:amd64 0.27-1
2026-07-14 02:11:01 remove libisl23:amd64 0.27-1 <none>
2026-07-14 02:11:01 status half-configured libisl23:amd64 0.27-1
2026-07-14 02:11:01 status half-installed libisl23:amd64 0.27-1
2026-07-14 02:11:01 status config-files libisl23:amd64 0.27-1
2026-07-14 02:11:01 status not-installed libisl23:amd64 <none>
2026-07-14 02:11:01 status installed libitm1:amd64 14.2.0-19
2026-07-14 02:11:01 remove libitm1:amd64 14.2.0-19 <none>
2026-07-14 02:11:01 status half-configured libitm1:amd64 14.2.0-19
2026-07-14 02:11:01 status half-installed libitm1:amd64 14.2.0-19
2026-07-14 02:11:01 status config-files libitm1:amd64 14.2.0-19
2026-07-14 02:11:01 status not-installed libitm1:amd64 <none>
2026-07-14 02:11:01 status installed libjansson4:amd64 2.14-2+b3
2026-07-14 02:11:01 status installed libldap2:amd64 2.6.10+dfsg-1
2026-07-14 02:11:01 remove libldap2:amd64 2.6.10+dfsg-1 <none>
2026-07-14 02:11:01 status half-configured libldap2:amd64 2.6.10+dfsg-1
2026-07-14 02:11:01 status half-installed libldap2:amd64 2.6.10+dfsg-1
2026-07-14 02:11:01 status config-files libldap2:amd64 2.6.10+dfsg-1
2026-07-14 02:11:01 status not-installed libldap2:amd64 <none>
2026-07-14 02:11:01 status installed liblsan0:amd64 14.2.0-19
2026-07-14 02:11:01 remove liblsan0:amd64 14.2.0-19 <none>
2026-07-14 02:11:01 status half-configured liblsan0:amd64 14.2.0-19
2026-07-14 02:11:01 status half-installed liblsan0:amd64 14.2.0-19
2026-07-14 02:11:01 status config-files liblsan0:amd64 14.2.0-19
2026-07-14 02:11:01 status not-installed liblsan0:amd64 <none>
2026-07-14 02:11:02 status installed liblzma-dev:amd64 5.8.1-1+deb13u1
2026-07-14 02:11:02 remove liblzma-dev:amd64 5.8.1-1+deb13u1 <none>
2026-07-14 02:11:02 status half-configured liblzma-dev:amd64 5.8.1-1+deb13u1
2026-07-14 02:11:02 status half-installed liblzma-dev:amd64 5.8.1-1+deb13u1
2026-07-14 02:11:02 status config-files liblzma-dev:amd64 5.8.1-1+deb13u1
2026-07-14 02:11:02 status not-installed liblzma-dev:amd64 <none>
2026-07-14 02:11:02 status installed libmpc3:amd64 1.3.1-1+b3
2026-07-14 02:11:02 remove libmpc3:amd64 1.3.1-1+b3 <none>
2026-07-14 02:11:02 status half-configured libmpc3:amd64 1.3.1-1+b3
2026-07-14 02:11:02 status half-installed libmpc3:amd64 1.3.1-1+b3
2026-07-14 02:11:02 status config-files libmpc3:amd64 1.3.1-1+b3
2026-07-14 02:11:02 status not-installed libmpc3:amd64 <none>
2026-07-14 02:11:02 status installed libmpfr6:amd64 4.2.2-1
2026-07-14 02:11:02 remove libmpfr6:amd64 4.2.2-1 <none>
2026-07-14 02:11:02 status half-configured libmpfr6:amd64 4.2.2-1
2026-07-14 02:11:02 status half-installed libmpfr6:amd64 4.2.2-1
2026-07-14 02:11:02 status config-files libmpfr6:amd64 4.2.2-1
2026-07-14 02:11:02 status not-installed libmpfr6:amd64 <none>
2026-07-14 02:11:02 status installed libncurses6:amd64 6.5+20250216-2
2026-07-14 02:11:02 remove libncurses6:amd64 6.5+20250216-2 <none>
2026-07-14 02:11:02 status half-configured libncurses6:amd64 6.5+20250216-2
2026-07-14 02:11:02 status half-installed libncurses6:amd64 6.5+20250216-2
2026-07-14 02:11:02 status config-files libncurses6:amd64 6.5+20250216-2
2026-07-14 02:11:02 status not-installed libncurses6:amd64 <none>
2026-07-14 02:11:02 status installed libnpth0t64:amd64 1.8-3
2026-07-14 02:11:02 remove libnpth0t64:amd64 1.8-3 <none>
2026-07-14 02:11:02 status half-configured libnpth0t64:amd64 1.8-3
2026-07-14 02:11:02 status half-installed libnpth0t64:amd64 1.8-3
2026-07-14 02:11:02 status config-files libnpth0t64:amd64 1.8-3
2026-07-14 02:11:02 status not-installed libnpth0t64:amd64 <none>
2026-07-14 02:11:02 status installed libp11-kit0:amd64 0.25.5-3
2026-07-14 02:11:02 remove libp11-kit0:amd64 0.25.5-3 <none>
2026-07-14 02:11:02 status half-configured libp11-kit0:amd64 0.25.5-3
2026-07-14 02:11:02 status half-installed libp11-kit0:amd64 0.25.5-3
2026-07-14 02:11:02 status config-files libp11-kit0:amd64 0.25.5-3
2026-07-14 02:11:02 status not-installed libp11-kit0:amd64 <none>
2026-07-14 02:11:02 status installed pkgconf:amd64 1.8.1-4
2026-07-14 02:11:02 remove pkgconf:amd64 1.8.1-4 <none>
2026-07-14 02:11:02 status half-configured pkgconf:amd64 1.8.1-4
2026-07-14 02:11:02 status half-installed pkgconf:amd64 1.8.1-4
2026-07-14 02:11:02 status config-files pkgconf:amd64 1.8.1-4
2026-07-14 02:11:02 status installed pkgconf-bin:amd64 1.8.1-4
2026-07-14 02:11:02 remove pkgconf-bin:amd64 1.8.1-4 <none>
2026-07-14 02:11:02 status half-configured pkgconf-bin:amd64 1.8.1-4
2026-07-14 02:11:02 status half-installed pkgconf-bin:amd64 1.8.1-4
2026-07-14 02:11:02 status config-files pkgconf-bin:amd64 1.8.1-4
2026-07-14 02:11:02 status not-installed pkgconf-bin:amd64 <none>
2026-07-14 02:11:02 status installed libpkgconf3:amd64 1.8.1-4
2026-07-14 02:11:02 remove libpkgconf3:amd64 1.8.1-4 <none>
2026-07-14 02:11:02 status half-configured libpkgconf3:amd64 1.8.1-4
2026-07-14 02:11:02 status half-installed libpkgconf3:amd64 1.8.1-4
2026-07-14 02:11:02 status config-files libpkgconf3:amd64 1.8.1-4
2026-07-14 02:11:02 status not-installed libpkgconf3:amd64 <none>
2026-07-14 02:11:02 status installed libpng16-16t64:amd64 1.6.48-1+deb13u5
2026-07-14 02:11:02 remove libpng16-16t64:amd64 1.6.48-1+deb13u5 <none>
2026-07-14 02:11:02 status half-configured libpng16-16t64:amd64 1.6.48-1+deb13u5
2026-07-14 02:11:02 status half-installed libpng16-16t64:amd64 1.6.48-1+deb13u5
2026-07-14 02:11:02 status config-files libpng16-16t64:amd64 1.6.48-1+deb13u5
2026-07-14 02:11:02 status not-installed libpng16-16t64:amd64 <none>
2026-07-14 02:11:02 status installed libquadmath0:amd64 14.2.0-19
2026-07-14 02:11:02 remove libquadmath0:amd64 14.2.0-19 <none>
2026-07-14 02:11:02 status half-configured libquadmath0:amd64 14.2.0-19
2026-07-14 02:11:02 status half-installed libquadmath0:amd64 14.2.0-19
2026-07-14 02:11:02 status config-files libquadmath0:amd64 14.2.0-19
2026-07-14 02:11:02 status not-installed libquadmath0:amd64 <none>
2026-07-14 02:11:02 status installed libsasl2-2:amd64 2.1.28+dfsg1-9
2026-07-14 02:11:02 remove libsasl2-2:amd64 2.1.28+dfsg1-9 <none>
2026-07-14 02:11:02 status half-configured libsasl2-2:amd64 2.1.28+dfsg1-9
2026-07-14 02:11:02 status half-installed libsasl2-2:amd64 2.1.28+dfsg1-9
2026-07-14 02:11:02 status config-files libsasl2-2:amd64 2.1.28+dfsg1-9
2026-07-14 02:11:02 status not-installed libsasl2-2:amd64 <none>
2026-07-14 02:11:02 status installed libsasl2-modules-db:amd64 2.1.28+dfsg1-9
2026-07-14 02:11:02 remove libsasl2-modules-db:amd64 2.1.28+dfsg1-9 <none>
2026-07-14 02:11:02 status half-configured libsasl2-modules-db:amd64 2.1.28+dfsg1-9
2026-07-14 02:11:02 status half-installed libsasl2-modules-db:amd64 2.1.28+dfsg1-9
2026-07-14 02:11:02 status config-files libsasl2-modules-db:amd64 2.1.28+dfsg1-9
2026-07-14 02:11:02 status not-installed libsasl2-modules-db:amd64 <none>
2026-07-14 02:11:02 status installed libsframe1:amd64 2.44-3
2026-07-14 02:11:02 status installed libssl-dev:amd64 3.5.6-1~deb13u2
2026-07-14 02:11:02 remove libssl-dev:amd64 3.5.6-1~deb13u2 <none>
2026-07-14 02:11:02 status half-configured libssl-dev:amd64 3.5.6-1~deb13u2
2026-07-14 02:11:02 status half-installed libssl-dev:amd64 3.5.6-1~deb13u2
2026-07-14 02:11:02 status config-files libssl-dev:amd64 3.5.6-1~deb13u2
2026-07-14 02:11:02 status not-installed libssl-dev:amd64 <none>
2026-07-14 02:11:02 status installed libtasn1-6:amd64 4.20.0-2+deb13u1
2026-07-14 02:11:02 remove libtasn1-6:amd64 4.20.0-2+deb13u1 <none>
2026-07-14 02:11:02 status half-configured libtasn1-6:amd64 4.20.0-2+deb13u1
2026-07-14 02:11:02 status half-installed libtasn1-6:amd64 4.20.0-2+deb13u1
2026-07-14 02:11:02 status config-files libtasn1-6:amd64 4.20.0-2+deb13u1
2026-07-14 02:11:02 status not-installed libtasn1-6:amd64 <none>
2026-07-14 02:11:02 status installed tcl:amd64 8.6.16
2026-07-14 02:11:02 remove tcl:amd64 8.6.16 <none>
2026-07-14 02:11:02 status half-configured tcl:amd64 8.6.16
2026-07-14 02:11:02 status half-installed tcl:amd64 8.6.16
2026-07-14 02:11:02 status config-files tcl:amd64 8.6.16
2026-07-14 02:11:02 status not-installed tcl:amd64 <none>
2026-07-14 02:11:02 status installed tcl8.6:amd64 8.6.16+dfsg-1
2026-07-14 02:11:02 remove tcl8.6:amd64 8.6.16+dfsg-1 <none>
2026-07-14 02:11:02 status half-configured tcl8.6:amd64 8.6.16+dfsg-1
2026-07-14 02:11:02 status half-installed tcl8.6:amd64 8.6.16+dfsg-1
2026-07-14 02:11:02 status config-files tcl8.6:amd64 8.6.16+dfsg-1
2026-07-14 02:11:02 status not-installed tcl8.6:amd64 <none>
2026-07-14 02:11:02 status installed libtcl8.6:amd64 8.6.16+dfsg-1
2026-07-14 02:11:02 remove libtcl8.6:amd64 8.6.16+dfsg-1 <none>
2026-07-14 02:11:02 status half-configured libtcl8.6:amd64 8.6.16+dfsg-1
2026-07-14 02:11:02 status half-installed libtcl8.6:amd64 8.6.16+dfsg-1
2026-07-14 02:11:02 status config-files libtcl8.6:amd64 8.6.16+dfsg-1
2026-07-14 02:11:02 status not-installed libtcl8.6:amd64 <none>
2026-07-14 02:11:02 status installed libtsan2:amd64 14.2.0-19
2026-07-14 02:11:02 remove libtsan2:amd64 14.2.0-19 <none>
2026-07-14 02:11:02 status half-configured libtsan2:amd64 14.2.0-19
2026-07-14 02:11:02 status half-installed libtsan2:amd64 14.2.0-19
2026-07-14 02:11:02 status config-files libtsan2:amd64 14.2.0-19
2026-07-14 02:11:02 status not-installed libtsan2:amd64 <none>
2026-07-14 02:11:02 status installed libubsan1:amd64 14.2.0-19
2026-07-14 02:11:02 remove libubsan1:amd64 14.2.0-19 <none>
2026-07-14 02:11:02 status half-configured libubsan1:amd64 14.2.0-19
2026-07-14 02:11:02 status half-installed libubsan1:amd64 14.2.0-19
2026-07-14 02:11:02 status config-files libubsan1:amd64 14.2.0-19
2026-07-14 02:11:02 status not-installed libubsan1:amd64 <none>
2026-07-14 02:11:02 status installed libunistring5:amd64 1.3-2
2026-07-14 02:11:02 remove libunistring5:amd64 1.3-2 <none>
2026-07-14 02:11:02 status half-configured libunistring5:amd64 1.3-2
2026-07-14 02:11:02 status half-installed libunistring5:amd64 1.3-2
2026-07-14 02:11:03 status config-files libunistring5:amd64 1.3-2
2026-07-14 02:11:03 status not-installed libunistring5:amd64 <none>
2026-07-14 02:11:03 status installed libxss-dev:amd64 1:1.2.3-1+b3
2026-07-14 02:11:03 remove libxss-dev:amd64 1:1.2.3-1+b3 <none>
2026-07-14 02:11:03 status half-configured libxss-dev:amd64 1:1.2.3-1+b3
2026-07-14 02:11:03 status half-installed libxss-dev:amd64 1:1.2.3-1+b3
2026-07-14 02:11:03 status config-files libxss-dev:amd64 1:1.2.3-1+b3
2026-07-14 02:11:03 status not-installed libxss-dev:amd64 <none>
2026-07-14 02:11:03 status installed libxrender-dev:amd64 1:0.9.12-1
2026-07-14 02:11:03 remove libxrender-dev:amd64 1:0.9.12-1 <none>
2026-07-14 02:11:03 status half-configured libxrender-dev:amd64 1:0.9.12-1
2026-07-14 02:11:03 status half-installed libxrender-dev:amd64 1:0.9.12-1
2026-07-14 02:11:03 status config-files libxrender-dev:amd64 1:0.9.12-1
2026-07-14 02:11:03 status not-installed libxrender-dev:amd64 <none>
2026-07-14 02:11:03 status installed libx11-dev:amd64 2:1.8.12-1
2026-07-14 02:11:03 status installed libxss1:amd64 1:1.2.3-1+b3
2026-07-14 02:11:03 remove libxss1:amd64 1:1.2.3-1+b3 <none>
2026-07-14 02:11:03 status half-configured libxss1:amd64 1:1.2.3-1+b3
2026-07-14 02:11:03 status half-installed libxss1:amd64 1:1.2.3-1+b3
2026-07-14 02:11:03 status config-files libxss1:amd64 1:1.2.3-1+b3
2026-07-14 02:11:03 status not-installed libxss1:amd64 <none>
2026-07-14 02:11:03 status installed libx11-6:amd64 2:1.8.12-1
2026-07-14 02:11:03 status installed libx11-data:all 2:1.8.12-1
2026-07-14 02:11:03 status installed libxcb1-dev:amd64 1.17.0-2+b1
2026-07-14 02:11:03 status installed libxau-dev:amd64 1:1.0.11-1
2026-07-14 02:11:03 status installed libxcb1:amd64 1.17.0-2+b1
2026-07-14 02:11:03 status installed libxau6:amd64 1:1.0.11-1
2026-07-14 02:11:03 status installed libxdmcp-dev:amd64 1:1.1.5-1
2026-07-14 02:11:03 status installed libxdmcp6:amd64 1:1.1.5-1
2026-07-14 02:11:03 status installed libxext-dev:amd64 2:1.3.4-1+b3
2026-07-14 02:11:03 remove libxext-dev:amd64 2:1.3.4-1+b3 <none>
2026-07-14 02:11:03 status half-configured libxext-dev:amd64 2:1.3.4-1+b3
2026-07-14 02:11:03 status half-installed libxext-dev:amd64 2:1.3.4-1+b3
2026-07-14 02:11:03 status config-files libxext-dev:amd64 2:1.3.4-1+b3
2026-07-14 02:11:03 status not-installed libxext-dev:amd64 <none>
2026-07-14 02:11:03 status installed libxext6:amd64 2:1.3.4-1+b3
2026-07-14 02:11:03 remove libxext6:amd64 2:1.3.4-1+b3 <none>
2026-07-14 02:11:03 status half-configured libxext6:amd64 2:1.3.4-1+b3
2026-07-14 02:11:03 status half-installed libxext6:amd64 2:1.3.4-1+b3
2026-07-14 02:11:03 status config-files libxext6:amd64 2:1.3.4-1+b3
2026-07-14 02:11:03 status not-installed libxext6:amd64 <none>
2026-07-14 02:11:03 status installed libxrender1:amd64 1:0.9.12-1
2026-07-14 02:11:03 remove libxrender1:amd64 1:0.9.12-1 <none>
2026-07-14 02:11:03 status half-configured libxrender1:amd64 1:0.9.12-1
2026-07-14 02:11:03 status half-installed libxrender1:amd64 1:0.9.12-1
2026-07-14 02:11:03 status config-files libxrender1:amd64 1:0.9.12-1
2026-07-14 02:11:03 status not-installed libxrender1:amd64 <none>
2026-07-14 02:11:03 status installed linux-libc-dev:all 6.12.95-1
2026-07-14 02:11:03 status installed make:amd64 4.4.1-2
2026-07-14 02:11:03 status installed patch:amd64 2.8-2
2026-07-14 02:11:03 status installed perl-modules-5.40:all 5.40.1-6
2026-07-14 02:11:03 status installed rpcsvc-proto:amd64 1.4.3-1
2026-07-14 02:11:03 status installed x11-common:all 1:7.7+24+deb13u1
2026-07-14 02:11:03 remove x11-common:all 1:7.7+24+deb13u1 <none>
2026-07-14 02:11:03 status half-configured x11-common:all 1:7.7+24+deb13u1
2026-07-14 02:11:03 status half-installed x11-common:all 1:7.7+24+deb13u1
2026-07-14 02:11:03 status config-files x11-common:all 1:7.7+24+deb13u1
2026-07-14 02:11:03 status installed x11proto-core-dev:all 2024.1-1
2026-07-14 02:11:03 remove x11proto-core-dev:all 2024.1-1 <none>
2026-07-14 02:11:03 status half-configured x11proto-core-dev:all 2024.1-1
2026-07-14 02:11:03 status half-installed x11proto-core-dev:all 2024.1-1
2026-07-14 02:11:03 status config-files x11proto-core-dev:all 2024.1-1
2026-07-14 02:11:03 status not-installed x11proto-core-dev:all <none>
2026-07-14 02:11:03 status installed x11proto-dev:all 2024.1-1
2026-07-14 02:11:03 status installed xorg-sgml-doctools:all 1:1.11-1.1
2026-07-14 02:11:03 status installed xtrans-dev:all 1.4.0-1
2026-07-14 02:11:03 status installed xz-utils:amd64 5.8.1-1+deb13u1
2026-07-14 02:11:03 remove dpkg-dev:all 1.22.22 <none>
2026-07-14 02:11:03 status half-configured dpkg-dev:all 1.22.22
2026-07-14 02:11:03 status half-installed dpkg-dev:all 1.22.22
2026-07-14 02:11:03 status config-files dpkg-dev:all 1.22.22
2026-07-14 02:11:03 remove binutils:amd64 2.44-3 <none>
2026-07-14 02:11:03 status half-configured binutils:amd64 2.44-3
2026-07-14 02:11:03 status half-installed binutils:amd64 2.44-3
2026-07-14 02:11:03 status config-files binutils:amd64 2.44-3
2026-07-14 02:11:03 remove libgprofng0:amd64 2.44-3 <none>
2026-07-14 02:11:03 status half-configured libgprofng0:amd64 2.44-3
2026-07-14 02:11:03 status half-installed libgprofng0:amd64 2.44-3
2026-07-14 02:11:03 status config-files libgprofng0:amd64 2.44-3
2026-07-14 02:11:03 status not-installed libgprofng0:amd64 <none>
2026-07-14 02:11:03 remove binutils-x86-64-linux-gnu:amd64 2.44-3 <none>
2026-07-14 02:11:03 status half-configured binutils-x86-64-linux-gnu:amd64 2.44-3
2026-07-14 02:11:03 status half-installed binutils-x86-64-linux-gnu:amd64 2.44-3
2026-07-14 02:11:03 status config-files binutils-x86-64-linux-gnu:amd64 2.44-3
2026-07-14 02:11:03 status not-installed binutils-x86-64-linux-gnu:amd64 <none>
2026-07-14 02:11:03 remove libctf0:amd64 2.44-3 <none>
2026-07-14 02:11:03 status half-configured libctf0:amd64 2.44-3
2026-07-14 02:11:03 status half-installed libctf0:amd64 2.44-3
2026-07-14 02:11:03 status config-files libctf0:amd64 2.44-3
2026-07-14 02:11:03 status not-installed libctf0:amd64 <none>
2026-07-14 02:11:03 remove libbinutils:amd64 2.44-3 <none>
2026-07-14 02:11:03 status half-configured libbinutils:amd64 2.44-3
2026-07-14 02:11:03 status half-installed libbinutils:amd64 2.44-3
2026-07-14 02:11:03 status config-files libbinutils:amd64 2.44-3
2026-07-14 02:11:03 status not-installed libbinutils:amd64 <none>
2026-07-14 02:11:03 remove binutils-common:amd64 2.44-3 <none>
2026-07-14 02:11:03 status half-configured binutils-common:amd64 2.44-3
2026-07-14 02:11:03 status half-installed binutils-common:amd64 2.44-3
2026-07-14 02:11:03 status config-files binutils-common:amd64 2.44-3
2026-07-14 02:11:03 remove bzip2:amd64 1.0.8-6 <none>
2026-07-14 02:11:03 status half-configured bzip2:amd64 1.0.8-6
2026-07-14 02:11:03 status half-installed bzip2:amd64 1.0.8-6
2026-07-14 02:11:03 status config-files bzip2:amd64 1.0.8-6
2026-07-14 02:11:03 status not-installed bzip2:amd64 <none>
2026-07-14 02:11:03 remove libc6-dev:amd64 2.41-12+deb13u3 <none>
2026-07-14 02:11:03 status half-configured libc6-dev:amd64 2.41-12+deb13u3
2026-07-14 02:11:03 status half-installed libc6-dev:amd64 2.41-12+deb13u3
2026-07-14 02:11:03 status config-files libc6-dev:amd64 2.41-12+deb13u3
2026-07-14 02:11:03 status not-installed libc6-dev:amd64 <none>
2026-07-14 02:11:03 remove libc-dev-bin:amd64 2.41-12+deb13u3 <none>
2026-07-14 02:11:03 status half-configured libc-dev-bin:amd64 2.41-12+deb13u3
2026-07-14 02:11:03 status half-installed libc-dev-bin:amd64 2.41-12+deb13u3
2026-07-14 02:11:03 status config-files libc-dev-bin:amd64 2.41-12+deb13u3
2026-07-14 02:11:03 status not-installed libc-dev-bin:amd64 <none>
2026-07-14 02:11:03 remove libcrypt-dev:amd64 1:4.4.38-1 <none>
2026-07-14 02:11:03 status half-configured libcrypt-dev:amd64 1:4.4.38-1
2026-07-14 02:11:03 status half-installed libcrypt-dev:amd64 1:4.4.38-1
2026-07-14 02:11:03 status config-files libcrypt-dev:amd64 1:4.4.38-1
2026-07-14 02:11:03 remove libctf-nobfd0:amd64 2.44-3 <none>
2026-07-14 02:11:03 status half-configured libctf-nobfd0:amd64 2.44-3
2026-07-14 02:11:04 status half-installed libctf-nobfd0:amd64 2.44-3
2026-07-14 02:11:04 status config-files libctf-nobfd0:amd64 2.44-3
2026-07-14 02:11:04 status not-installed libctf-nobfd0:amd64 <none>
2026-07-14 02:11:04 remove libdpkg-perl:all 1.22.22 <none>
2026-07-14 02:11:04 status half-configured libdpkg-perl:all 1.22.22
2026-07-14 02:11:04 status half-installed libdpkg-perl:all 1.22.22
2026-07-14 02:11:04 status config-files libdpkg-perl:all 1.22.22
2026-07-14 02:11:04 status not-installed libdpkg-perl:all <none>
2026-07-14 02:11:04 remove perl:amd64 5.40.1-6 <none>
2026-07-14 02:11:04 status half-configured perl:amd64 5.40.1-6
2026-07-14 02:11:04 status half-installed perl:amd64 5.40.1-6
2026-07-14 02:11:04 status config-files perl:amd64 5.40.1-6
2026-07-14 02:11:04 remove libperl5.40:amd64 5.40.1-6 <none>
2026-07-14 02:11:04 status half-configured libperl5.40:amd64 5.40.1-6
2026-07-14 02:11:04 status half-installed libperl5.40:amd64 5.40.1-6
2026-07-14 02:11:04 status config-files libperl5.40:amd64 5.40.1-6
2026-07-14 02:11:04 status not-installed libperl5.40:amd64 <none>
2026-07-14 02:11:04 remove libgdbm-compat4t64:amd64 1.24-2 <none>
2026-07-14 02:11:04 status half-configured libgdbm-compat4t64:amd64 1.24-2
2026-07-14 02:11:04 status half-installed libgdbm-compat4t64:amd64 1.24-2
2026-07-14 02:11:04 status config-files libgdbm-compat4t64:amd64 1.24-2
2026-07-14 02:11:04 status not-installed libgdbm-compat4t64:amd64 <none>
2026-07-14 02:11:04 remove libjansson4:amd64 2.14-2+b3 <none>
2026-07-14 02:11:04 status half-configured libjansson4:amd64 2.14-2+b3
2026-07-14 02:11:04 status half-installed libjansson4:amd64 2.14-2+b3
2026-07-14 02:11:04 status config-files libjansson4:amd64 2.14-2+b3
2026-07-14 02:11:04 status not-installed libjansson4:amd64 <none>
2026-07-14 02:11:04 remove libsframe1:amd64 2.44-3 <none>
2026-07-14 02:11:04 status half-configured libsframe1:amd64 2.44-3
2026-07-14 02:11:04 status half-installed libsframe1:amd64 2.44-3
2026-07-14 02:11:04 status config-files libsframe1:amd64 2.44-3
2026-07-14 02:11:04 status not-installed libsframe1:amd64 <none>
2026-07-14 02:11:04 remove libx11-dev:amd64 2:1.8.12-1 <none>
2026-07-14 02:11:04 status half-configured libx11-dev:amd64 2:1.8.12-1
2026-07-14 02:11:04 status half-installed libx11-dev:amd64 2:1.8.12-1
2026-07-14 02:11:04 status config-files libx11-dev:amd64 2:1.8.12-1
2026-07-14 02:11:04 status not-installed libx11-dev:amd64 <none>
2026-07-14 02:11:04 remove libx11-6:amd64 2:1.8.12-1 <none>
2026-07-14 02:11:04 status half-configured libx11-6:amd64 2:1.8.12-1
2026-07-14 02:11:04 status half-installed libx11-6:amd64 2:1.8.12-1
2026-07-14 02:11:04 status config-files libx11-6:amd64 2:1.8.12-1
2026-07-14 02:11:04 status not-installed libx11-6:amd64 <none>
2026-07-14 02:11:04 remove libx11-data:all 2:1.8.12-1 <none>
2026-07-14 02:11:04 status half-configured libx11-data:all 2:1.8.12-1
2026-07-14 02:11:04 status half-installed libx11-data:all 2:1.8.12-1
2026-07-14 02:11:04 status config-files libx11-data:all 2:1.8.12-1
2026-07-14 02:11:04 status not-installed libx11-data:all <none>
2026-07-14 02:11:04 remove libxcb1-dev:amd64 1.17.0-2+b1 <none>
2026-07-14 02:11:04 status half-configured libxcb1-dev:amd64 1.17.0-2+b1
2026-07-14 02:11:04 status half-installed libxcb1-dev:amd64 1.17.0-2+b1
2026-07-14 02:11:04 status config-files libxcb1-dev:amd64 1.17.0-2+b1
2026-07-14 02:11:04 status not-installed libxcb1-dev:amd64 <none>
2026-07-14 02:11:04 remove libxau-dev:amd64 1:1.0.11-1 <none>
2026-07-14 02:11:04 status half-configured libxau-dev:amd64 1:1.0.11-1
2026-07-14 02:11:04 status half-installed libxau-dev:amd64 1:1.0.11-1
2026-07-14 02:11:04 status config-files libxau-dev:amd64 1:1.0.11-1
2026-07-14 02:11:04 status not-installed libxau-dev:amd64 <none>
2026-07-14 02:11:04 remove libxcb1:amd64 1.17.0-2+b1 <none>
2026-07-14 02:11:04 status half-configured libxcb1:amd64 1.17.0-2+b1
2026-07-14 02:11:04 status half-installed libxcb1:amd64 1.17.0-2+b1
2026-07-14 02:11:04 status config-files libxcb1:amd64 1.17.0-2+b1
2026-07-14 02:11:04 status not-installed libxcb1:amd64 <none>
2026-07-14 02:11:04 remove libxau6:amd64 1:1.0.11-1 <none>
2026-07-14 02:11:04 status half-configured libxau6:amd64 1:1.0.11-1
2026-07-14 02:11:04 status half-installed libxau6:amd64 1:1.0.11-1
2026-07-14 02:11:04 status config-files libxau6:amd64 1:1.0.11-1
2026-07-14 02:11:04 status not-installed libxau6:amd64 <none>
2026-07-14 02:11:04 remove libxdmcp-dev:amd64 1:1.1.5-1 <none>
2026-07-14 02:11:04 status half-configured libxdmcp-dev:amd64 1:1.1.5-1
2026-07-14 02:11:04 status half-installed libxdmcp-dev:amd64 1:1.1.5-1
2026-07-14 02:11:04 status config-files libxdmcp-dev:amd64 1:1.1.5-1
2026-07-14 02:11:04 status not-installed libxdmcp-dev:amd64 <none>
2026-07-14 02:11:04 remove libxdmcp6:amd64 1:1.1.5-1 <none>
2026-07-14 02:11:04 status half-configured libxdmcp6:amd64 1:1.1.5-1
2026-07-14 02:11:04 status half-installed libxdmcp6:amd64 1:1.1.5-1
2026-07-14 02:11:04 status config-files libxdmcp6:amd64 1:1.1.5-1
2026-07-14 02:11:04 status not-installed libxdmcp6:amd64 <none>
2026-07-14 02:11:04 remove linux-libc-dev:all 6.12.95-1 <none>
2026-07-14 02:11:04 status half-configured linux-libc-dev:all 6.12.95-1
2026-07-14 02:11:04 status half-installed linux-libc-dev:all 6.12.95-1
2026-07-14 02:11:04 status config-files linux-libc-dev:all 6.12.95-1
2026-07-14 02:11:04 status not-installed linux-libc-dev:all <none>
2026-07-14 02:11:04 remove make:amd64 4.4.1-2 <none>
2026-07-14 02:11:04 status half-configured make:amd64 4.4.1-2
2026-07-14 02:11:04 status half-installed make:amd64 4.4.1-2
2026-07-14 02:11:04 status config-files make:amd64 4.4.1-2
2026-07-14 02:11:04 status not-installed make:amd64 <none>
2026-07-14 02:11:04 remove patch:amd64 2.8-2 <none>
2026-07-14 02:11:04 status half-configured patch:amd64 2.8-2
2026-07-14 02:11:04 status half-installed patch:amd64 2.8-2
2026-07-14 02:11:04 status config-files patch:amd64 2.8-2
2026-07-14 02:11:04 status not-installed patch:amd64 <none>
2026-07-14 02:11:04 remove perl-modules-5.40:all 5.40.1-6 <none>
2026-07-14 02:11:04 status half-configured perl-modules-5.40:all 5.40.1-6
2026-07-14 02:11:04 status half-installed perl-modules-5.40:all 5.40.1-6
2026-07-14 02:11:05 status config-files perl-modules-5.40:all 5.40.1-6
2026-07-14 02:11:05 status not-installed perl-modules-5.40:all <none>
2026-07-14 02:11:05 remove rpcsvc-proto:amd64 1.4.3-1 <none>
2026-07-14 02:11:05 status half-configured rpcsvc-proto:amd64 1.4.3-1
2026-07-14 02:11:05 status half-installed rpcsvc-proto:amd64 1.4.3-1
2026-07-14 02:11:05 status config-files rpcsvc-proto:amd64 1.4.3-1
2026-07-14 02:11:05 status not-installed rpcsvc-proto:amd64 <none>
2026-07-14 02:11:05 remove x11proto-dev:all 2024.1-1 <none>
2026-07-14 02:11:05 status half-configured x11proto-dev:all 2024.1-1
2026-07-14 02:11:05 status half-installed x11proto-dev:all 2024.1-1
2026-07-14 02:11:05 status config-files x11proto-dev:all 2024.1-1
2026-07-14 02:11:05 status not-installed x11proto-dev:all <none>
2026-07-14 02:11:05 remove xorg-sgml-doctools:all 1:1.11-1.1 <none>
2026-07-14 02:11:05 status half-configured xorg-sgml-doctools:all 1:1.11-1.1
2026-07-14 02:11:05 status half-installed xorg-sgml-doctools:all 1:1.11-1.1
2026-07-14 02:11:05 status config-files xorg-sgml-doctools:all 1:1.11-1.1
2026-07-14 02:11:05 status not-installed xorg-sgml-doctools:all <none>
2026-07-14 02:11:05 remove xtrans-dev:all 1.4.0-1 <none>
2026-07-14 02:11:05 status half-configured xtrans-dev:all 1.4.0-1
2026-07-14 02:11:05 status half-installed xtrans-dev:all 1.4.0-1
2026-07-14 02:11:05 status config-files xtrans-dev:all 1.4.0-1
2026-07-14 02:11:05 status not-installed xtrans-dev:all <none>
2026-07-14 02:11:05 remove xz-utils:amd64 5.8.1-1+deb13u1 <none>
2026-07-14 02:11:05 status half-configured xz-utils:amd64 5.8.1-1+deb13u1
2026-07-14 02:11:05 status half-installed xz-utils:amd64 5.8.1-1+deb13u1
2026-07-14 02:11:05 status config-files xz-utils:amd64 5.8.1-1+deb13u1
2026-07-14 02:11:05 status not-installed xz-utils:amd64 <none>
2026-07-14 02:11:05 startup packages configure
2026-07-14 02:11:05 trigproc libc-bin:amd64 2.41-12+deb13u3 <none>
2026-07-14 02:11:05 status half-configured libc-bin:amd64 2.41-12+deb13u3
2026-07-14 02:11:05 status installed libc-bin:amd64 2.41-12+deb13u3
2026-07-14 02:11:05 startup packages purge
2026-07-14 02:11:05 purge gpg-agent:amd64 2.4.7-21+deb13u1+b4 <none>
2026-07-14 02:11:05 status config-files gpg-agent:amd64 2.4.7-21+deb13u1+b4
2026-07-14 02:11:05 status not-installed gpg-agent:amd64 <none>
2026-07-14 02:11:05 purge wget:amd64 1.25.0-2 <none>
2026-07-14 02:11:05 status config-files wget:amd64 1.25.0-2
2026-07-14 02:11:05 status not-installed wget:amd64 <none>
2026-07-14 02:11:05 purge fontconfig-config:amd64 2.15.0-2.3 <none>
2026-07-14 02:11:05 status config-files fontconfig-config:amd64 2.15.0-2.3
2026-07-14 02:11:05 status not-installed fontconfig-config:amd64 <none>
2026-07-14 02:11:05 purge binutils-common:amd64 2.44-3 <none>
2026-07-14 02:11:05 status config-files binutils-common:amd64 2.44-3
2026-07-14 02:11:05 status not-installed binutils-common:amd64 <none>
2026-07-14 02:11:05 purge x11-common:all 1:7.7+24+deb13u1 <none>
2026-07-14 02:11:05 status config-files x11-common:all 1:7.7+24+deb13u1
2026-07-14 02:11:05 status not-installed x11-common:all <none>
2026-07-14 02:11:05 purge binutils:amd64 2.44-3 <none>
2026-07-14 02:11:05 status config-files binutils:amd64 2.44-3
2026-07-14 02:11:05 status not-installed binutils:amd64 <none>
2026-07-14 02:11:05 purge dpkg-dev:all 1.22.22 <none>
2026-07-14 02:11:05 status config-files dpkg-dev:all 1.22.22
2026-07-14 02:11:05 status not-installed dpkg-dev:all <none>
2026-07-14 02:11:05 purge pkgconf:amd64 1.8.1-4 <none>
2026-07-14 02:11:05 status config-files pkgconf:amd64 1.8.1-4
2026-07-14 02:11:05 status not-installed pkgconf:amd64 <none>
2026-07-14 02:11:05 purge dirmngr:amd64 2.4.7-21+deb13u1+b4 <none>
2026-07-14 02:11:05 status config-files dirmngr:amd64 2.4.7-21+deb13u1+b4
2026-07-14 02:11:05 status not-installed dirmngr:amd64 <none>
2026-07-14 02:11:05 purge perl:amd64 5.40.1-6 <none>
2026-07-14 02:11:05 status config-files perl:amd64 5.40.1-6
2026-07-14 02:11:05 status not-installed perl:amd64 <none>
2026-07-14 02:11:05 purge fonts-dejavu-mono:all 2.37-8 <none>
2026-07-14 02:11:05 status config-files fonts-dejavu-mono:all 2.37-8
2026-07-14 02:11:05 status not-installed fonts-dejavu-mono:all <none>
2026-07-14 02:11:05 purge fonts-dejavu-core:all 2.37-8 <none>
2026-07-14 02:11:05 status config-files fonts-dejavu-core:all 2.37-8
2026-07-14 02:11:05 status not-installed fonts-dejavu-core:all <none>
2026-07-14 02:11:06 purge libcrypt-dev:amd64 1:4.4.38-1 <none>
2026-07-14 02:11:06 status config-files libcrypt-dev:amd64 1:4.4.38-1
2026-07-14 02:11:06 status not-installed libcrypt-dev:amd64 <none>
2026-07-14 02:11:06 purge cpp:amd64 4:14.2.0-1 <none>
2026-07-14 02:11:06 status config-files cpp:amd64 4:14.2.0-1
2026-07-14 02:11:06 status not-installed cpp:amd64 <none>
2026-07-14 02:11:06 purge gpg:amd64 2.4.7-21+deb13u1+b4 <none>
2026-07-14 02:11:06 status config-files gpg:amd64 2.4.7-21+deb13u1+b4
2026-07-14 02:11:06 status not-installed gpg:amd64 <none>
2026-07-14 02:11:06 startup packages configure
